record_id,external_source,external_station_id,connector_types,external_power_kw_values,external_connection_quantity,external_number_of_points,external_status,external_usage_type,external_usage_cost,external_last_verified,data_provider,match_distance_m,match_score,match_method,match_decision,external_station_title,external_address
ev_017fab597ec7a791a283237a294b0479f14cf09a0e6a4d4fc460ef5e2dfcfcdb,Open Charge Map API v3,133760,Type 1 (J1772),6.6,4,4,Operational,Public,Free,2019-12-08T11:44:00Z,Open Charge Map Contributors,17.9,9,close_coordinates_plus_identity,rule_based_accept,Woolworths Prestons,"Corfield Road, Prestons, Sydney, 2170"
ev_01edb41e136d277bc0a478b2bcb91b69324b8d90f011fbf0fd3ce6b29a709f80,Open Charge Map API v3,238126,CCS (Type 2) | CHAdeMO,75,2,1,Operational,Public - Membership Required,$0.55/kWh ,2023-08-09T12:16:00Z,Open Charge Map Contributors,40.3,16,operator_postcode_address,rule_based_accept,Marulan Roadhouse Northbound,"Hume Highway, Marulan, 2579"
ev_035bc65ed294dc844e3bf7fdc991f0b7f99a37f6b997b1cd902bcf2b2b9bc742,Open Charge Map API v3,191956,CCS (Type 2) | CHAdeMO,50,2,1,Operational,Public - Membership Required,FREE,2022-03-10T22:21:00Z,Open Charge Map Contributors,459.9,6,combined_evidence,rule_based_accept,NRMA Parkes,"Bogan Street, Parkes, 2870"
ev_067307a4285c0091bdd248c44cc6a3e3022f044b9616e611db7e31b1f3f7d09a,Open Charge Map API v3,273195,CCS (Type 2) | CHAdeMO,50,2,1,Operational,Public - Membership Required,$0.40 per kWh,2023-07-28T12:55:00Z,Open Charge Map Contributors,18.5,13,close_coordinates_plus_identity,rule_based_accept,Byron Bay Library,"Lawson Street, Byron Bay, 2481"
ev_06cfe2aaacd74edf566b37380bcf5642e706e805cd74c8dd75bd35cf646815d9,Open Charge Map API v3,161845,CCS (Type 2) | CHAdeMO,50,2,1,Operational,Public,Currently free but will be fee at some point for non NRMA Members,2020-11-19T13:08:00Z,Open Charge Map Contributors,27.2,13,close_coordinates_plus_identity,rule_based_accept,Berry NRMA,Berry
ev_07ccc8a34a245ce9bce74dc793e03d39cb24c8e300f8cb270d0416ed6db4a38e,Open Charge Map API v3,191162,CCS (Type 2) | CHAdeMO,50,4,2,Operational,Public - Membership Required,$0.40/kWh,2023-07-15T11:54:00Z,Open Charge Map Contributors,71.3,15,operator_address_power,rule_based_accept,Coles Schofields,"227 Railway Rerrace, Schofields"
ev_07ee21d4494bcaa60091446e45dddd6694af3ff5c52caf37a3b2174c6f32a4fd,Open Charge Map API v3,296045,CCS (Type 2),250,12,1,Operational,Public - Membership Required,$0.52/kWh,2024-03-06T09:49:00Z,Open Charge Map Contributors,25.1,15,operator_postcode_address,rule_based_accept,Tesla Superchargers Yass,"Lead Street, Yass, 2582"
ev_09876a009bef142b1a5994a4dbcca6db5e1e6e806ed26180aa3a736a56fa2b6c,Open Charge Map API v3,172852,CCS (Type 2) | CHAdeMO,100 | 350,4,2,Operational,Public,$0.60/kWh,2023-07-13T22:16:00Z,Open Charge Map Contributors,15.5,18,operator_postcode_address,rule_based_accept,Coffs Harbour [Chargefox],"Pacific Highway, North Boambee Valley, 2450"
ev_0a677446522370aadeca52a6376cf803995bf0ada00f50de5dda3811756137f8,Open Charge Map API v3,297859,CCS (Type 2),250,12,12,Operational,Public - Membership Required,$0.68/kWh,2026-03-05T09:39:00Z,Open Charge Map Contributors,97.2,13,operator_postcode_address,rule_based_accept,Terrace Central [Tesla],"Glenelg Street, Raymond Terrace, 2324"
ev_0abc3a56aeb9cc08cbbed5808ceea66dbb7457f6fcee39fa28eb4e950449dd16,Open Charge Map API v3,295979,CHAdeMO | CCS (Type 2),25,2,1,Operational,Public - Membership Required,"First 7kWh free, then $0.49 per kWh thereafter. $5/hr idle time",2024-03-03T23:09:00Z,Open Charge Map Contributors,23.5,18,operator_postcode_address,rule_based_accept,Barrenjoey Road,"Barrenjoey Road, Palm Beach, 2108"
ev_0ad7ce79c5f1cee66a642743f63d9ff894e3c8ad75e477f3908a5281da6a9752,Open Charge Map API v3,190670,CCS (Type 2) | CHAdeMO,50,2,1,Operational,Public,Currently free but will be fee at some point.,2021-12-17T02:59:00Z,Open Charge Map Contributors,27.4,17,operator_postcode_address,rule_based_accept,Hay [NRMA],"134 Lachlan St, Hay, 2711"
ev_0bb8d476f64907679f0e8d46b6aff0f14fe0dcc4c209c6fa0e4724f648f2069d,Open Charge Map API v3,190677,CCS (Type 2) | CHAdeMO,50,2,1,Operational,Public,,2021-12-17T03:14:00Z,Open Charge Map Contributors,187485.6,14,operator_postcode_address,rule_based_accept,Broken Hill [NRMA],"51 Bromide St, Broken Hill, 2880"
ev_0bc84362704747ff8a1c1bfdcbc91776ba9162964d40f305ef89b439ac696046,Open Charge Map API v3,297042,CCS (Type 2) | CHAdeMO,150,2,1,Operational,Public - Membership Required,,2024-03-30T04:59:00Z,Open Charge Map Contributors,7.9,18,operator_postcode_address,rule_based_accept,AmpCharge Charging Station,"78 Great Western Highway, Glenbrook, 2773"
ev_0cab94963148e4da49cde49858087e32b998d2d378d298d1640df538bba5b057,Open Charge Map API v3,272622,CCS (Type 2),50,2,2,Operational,Public - Membership Required,$0.60/kWh,2023-07-15T09:21:00Z,Open Charge Map Contributors,0.0,14,close_address_power,rule_based_accept,Pennant Hills Toyota,"330 Pennant Hills Road, Pennant Hills, 2120"
ev_0d5b32871d5bc6906b4287c8218180841e0651cf394b92b438c6d27c7596ec05,Open Charge Map API v3,191177,CCS (Type 2) | CHAdeMO,50 | 75 | 150,4,2,Operational,Public,FREE,2023-02-20T17:51:00Z,Open Charge Map Contributors,517757.6,14,operator_postcode_address,rule_based_accept,Stewart Street Carpark [NRMA],"17 Stewart Street, Wollongong, 2500"
ev_0f287c7284d21a11f877dad1ae542215883974400c050cc5eab296c9cae7f278,Open Charge Map API v3,307990,CCS (Type 2),50,4,4,Operational,Public - Membership Required,,2025-01-23T07:44:00Z,Open Charge Map Contributors,43.8,13,operator_address_power,rule_based_accept,Woolworths Yass,"Comur Street, Yass"
ev_14b59d3c66e7c5634a353fe9dbb36947ec5c4ec34e5cd850a8d8e2cbcacd8d39,Open Charge Map API v3,191052,Type 2 (Socket Only),22,4,4,Operational,Public - Membership Required,FREE,2023-07-13T10:55:00Z,Open Charge Map Contributors,71.9,15,operator_postcode_address,rule_based_accept,Woolworths Kireawee,"28-34 Flora Street, Kirrawee, 2232"
ev_1564f1fb86932b29803fe444a72d3faaa6a19003595d42dfff3db9f45124bc91,Open Charge Map API v3,266540,CCS (Type 2) | CHAdeMO,50,4,2,Operational,Public,$0.45 per kWh. ,2023-07-15T13:41:00Z,Open Charge Map Contributors,1.8,18,operator_postcode_address,rule_based_accept,Evie Lawson,"4-6 New Street, Lawson, 2783"
ev_177e55a2261810a1431bf65cf8512c238e97faa564411facd09b38c02b1ebf3c,Open Charge Map API v3,266499,CCS (Type 2) | CHAdeMO,50,2,1,Operational,Public - Membership Required,FREE,2023-06-08T03:24:00Z,Open Charge Map Contributors,0.5,18,operator_postcode_address,rule_based_accept,NRMA Glen Innes,"Sommerlad Lane, Glen Innes, 2370"
ev_1a9f75a27319cb9d63e6dac2739cb5d0698e20e06504c2723118e28060f1690b,Open Charge Map API v3,272708,CCS (Type 2),120,1,2,Operational,Public - Membership Required,,2023-07-17T12:19:00Z,Open Charge Map Contributors,580.9,11,combined_evidence,rule_based_accept,ENGIE - Lake Haven Centre,"Lake Haven Drive, Lake Haven, 2263"
ev_1ad57cc2b69b4ea4b2aa94776275625c9d7e10137c7a8ea156a620b2cbbd61e7,Open Charge Map API v3,190394,CCS (Type 2) | CHAdeMO,50,2,1,Operational,Public,,2025-10-06T09:29:00Z,Open Charge Map Contributors,48.0,13,close_coordinates_plus_identity,rule_based_accept,The Farm Byron Bay [NRMA],"Ewingsdale Road, Ewingsdale"
ev_1b21538ca3591e4e6222b90265334877ea9d529c0703ad46f1dfff10533d41e0,Open Charge Map API v3,190861,CCS (Type 2) | CHAdeMO,50,4,2,Operational,Public,$0.64/kWh,2026-07-15T01:28:00Z,Open Charge Map Contributors,6.2,16,operator_postcode_address,rule_based_accept,Snowy River Ave Car Park,"3 Snowy River Ave, Jindabyne, 2627"
ev_1c5a11a52978610295fbffa354927c10f9283924f138c3dc6fc0c5467671d677,Open Charge Map API v3,279179,CCS (Type 2) | CHAdeMO,100 | 150,9,1,Operational,Public - Membership Required,$0.69 per kWh,2023-10-18T01:57:00Z,Open Charge Map Contributors,87.7,16,operator_postcode_address,rule_based_accept,Ampol Foodary Pheasants Nest Northbound,"Lots 1 & 2 Hume Hwy, Pheasants Nest, 2574"
ev_1d401365978d8c9ec24660cb5a164c5cdf3bf8978b91bac7a0c53efd8718bdd9,Open Charge Map API v3,266767,CHAdeMO | CCS (Type 2),75,2,2,Operational,Public,$0.55/kwh,2023-08-09T11:36:00Z,Open Charge Map Contributors,17.4,14,close_coordinates_plus_identity,rule_based_accept,BP Pulse,"Cnr Mingara Dr & Wyong Rd, Tumbi Umbi, 2261"
ev_22482099fbb5e7cb2bd5721188e15ff1565b350b75c65cb3bb42579ab09d3868,Open Charge Map API v3,508148,CCS (Type 2) | CHAdeMO,60 | 150 | 300,7,6,Operational,Public - Membership Required,55c/kWh,2026-09-09T01:02:00Z,Open Charge Map Contributors,24.2,18,operator_postcode_address,rule_based_accept,Pacific Highway,"Pacific Highway, Wyoming, 2250"
ev_2379e2c48899b4eb156d4525614b8d2f2f0bb051f312ba24096b496e821b0db1,Open Charge Map API v3,273225,CCS (Type 2) | CHAdeMO,24,2,1,Operational,Public - Membership Required,$0.45 per kWh,2023-07-29T10:08:00Z,Open Charge Map Contributors,10.7,18,operator_postcode_address,rule_based_accept,Soldiers Point Marina,"Sunset Blvd, Soldiers Point, 2317"
ev_23818f39f504723bb2a784859e8bc2347db36ebbb7068a41a9e87a4d56a1a454,Open Charge Map API v3,172652,CCS (Type 2) | CHAdeMO,100 | 350,4,4,Operational,Public - Membership Required,$0.60/kWh,2023-07-15T13:54:00Z,Open Charge Map Contributors,10.6,18,operator_postcode_address,rule_based_accept,Taree South Service Centre [Evie],"Manning River Drive, Glenthorne, 2430"
ev_241f2eb7b0ea9f6359df52c23102a9a191ec911f1f7d0e5d4e81491cad7c3915,Open Charge Map API v3,190359,CCS (Type 2) | CHAdeMO,50,2,1,Operational,Public,,2021-12-19T02:24:00Z,Open Charge Map Contributors,174.4,13,operator_address_power,rule_based_accept,Holbrook [NRMA],"Submarine Park, 7 Prospect Street, Holbrook"
ev_245d7ecb73e9de3d612b678cbc5e53df22092558806ca26330921ddf915e6d86,Open Charge Map API v3,272637,CCS (Type 2),150,4,4,Operational,Public - Membership Required,,2026-09-14T05:28:00Z,Open Charge Map Contributors,13.5,18,operator_postcode_address,rule_based_accept,Allambie Grove Business Park,"25 Frenchs Forest Rd E, Frenchs Forest, 2086"
ev_24da761128de485174c66334365cf45d7b711f35bd3e323dc0932fa98ad30add,Open Charge Map API v3,272619,CCS (Type 2) | CHAdeMO,25,8,8,Operational,Public - Membership Required,Free - $0.42/kWh,2023-07-15T09:08:00Z,Open Charge Map Contributors,86.9,13,operator_postcode_address,rule_based_accept,The Heffron Centre,"439 Bunnerong Road, Chifley, 2036"
ev_255519e7a2e83576276e8d784a95c9743df425f65c4939e61a0a3ec914f16e2a,Open Charge Map API v3,272784,CCS (Type 2),100,1,2,Operational,Public,.35,2023-08-24T08:47:00Z,Open Charge Map Contributors,35.1,17,operator_postcode_address,rule_based_accept,Lancaster Motor Group,"1 waddells lane , Singleton, 2330"
ev_28cab965023b252d011bc0db44ecd3a0d5cc504fe15c0f532761f9ba9a78417b,Open Charge Map API v3,272634,CCS (Type 2) | CHAdeMO,50,4,2,Operational,Public - Membership Required,,2023-07-15T12:17:00Z,Open Charge Map Contributors,38.0,18,operator_postcode_address,rule_based_accept,Eastgate Bondi Junction,"91 Spring St , NSW 2022, Bondi Junction, 2022"
ev_298769533db24d93df26adc3474199b98621f8b9ce578010342737c6e1cf63f2,Open Charge Map API v3,300154,CCS (Type 2),250,12,12,Operational,Public - Membership Required,$0.69/kWh,2024-06-25T11:24:00Z,Open Charge Map Contributors,513.3,8,combined_evidence,rule_based_accept,Tesla Supercharger Albury,"Stanley Street, Albury, 2640"
ev_2b8d11ee6bef9ed765687e832435acfd72174d8440c0e6b8abd683c0f2292ba3,Open Charge Map API v3,272500,CCS (Type 2) | CHAdeMO,50,2,1,Operational,Public - Membership Required,Pricing set to 50c per kWh of charging.,2023-09-18T05:45:00Z,Open Charge Map Contributors,6.1,18,operator_postcode_address,rule_based_accept,Murrumbateman Country Inn,"2 Hercules Street, Murrumbateman, 2582"
ev_2f2e9ca434dfc9d8c1cc315e4b2e2e53dea27d9e698372e3be6410e87658bc34,Open Charge Map API v3,274056,CCS (Type 2) | CHAdeMO,100 | 180,2,1,Operational,Public - Membership Required,$0.69/kWh for pay-as-you-go charging.,2023-08-31T09:47:00Z,Open Charge Map Contributors,815.1,5,combined_evidence,rule_based_accept,Ampol Foodary Penrith,"153 Coreen Ave, Penrith, 2750"
ev_2f8f7072e8e1222bd4543430229589b8bf7b0d60ecf75194fd1b080f414535d5,Open Charge Map API v3,266480,CCS (Type 2) | CHAdeMO,50 | 70,2,1,Operational,Public - Membership Required,FREE,2023-06-06T12:14:00Z,Open Charge Map Contributors,689090.3,12,operator_postcode_address,rule_based_accept,NRMA Inverell,"59 Evans Street, Inverell , 2360"
ev_2f98648b901e92d8301eed30b3f611f1f43bf825eca6fdca3ebdc2ef5255a92c,Open Charge Map API v3,190683,CCS (Type 2) | CHAdeMO,50,2,1,Operational,Public - Membership Required,FREE,2021-12-17T04:13:00Z,Open Charge Map Contributors,202.6,7,combined_evidence,rule_based_accept,Walgett [NRMA],"26 Neilly Street, Walgett, 2832"
ev_32c2f8bb76ca6b9de3b2f415756dca8e7de33f7b2a83a868299b519e83135976,Open Charge Map API v3,306014,CCS (Type 2),50,2,2,Operational,Public - Membership Required,$0.40/kWh,2024-11-14T09:54:00Z,Open Charge Map Contributors,73.2,14,close_coordinates_plus_identity,rule_based_accept,Owen Toyota,"Owen Drive, Yoogali, 2680"
ev_335e0a18e948eb62f240641f3113b1d4694f01d1b544eec965bc9bea9a3fec84,Open Charge Map API v3,272686,CCS (Type 2) | CHAdeMO,50,4,1,Operational,Public - Membership Required,,2023-07-16T22:00:00Z,Open Charge Map Contributors,14.9,18,operator_postcode_address,rule_based_accept,Raglan Street West,"188 Raglan St, Mosman, 2088"
ev_34e3025447cadfc5f5d1491ffc68712687a3ec3f9bcfddd16cd39e6f7055afdc,Open Charge Map API v3,235461,CCS (Type 2) | CHAdeMO,50,4,1,Operational,Public - Membership Required,50c per kWh energy consumed.,2023-07-12T21:49:00Z,Open Charge Map Contributors,85.7,12,close_coordinates_plus_identity,rule_based_accept,Wollongong Central - Regent St Carpark,"Regent Street, Wollongong, 2500"
ev_357c3ca140819629070a2e9b19d8727c0411780adcc388593c413bb502f677e4,Open Charge Map API v3,100404,CCS (Type 2),120,8,8,Operational,Public - Membership Required,AUD 0.42/kWh;other tariffs for older cars,2025-03-21T01:01:00Z,Open Charge Map Contributors,57.3,15,operator_address_power,rule_based_accept,Broadway Supercharger,"1 Bay Street, Broadway, 2007"
ev_363479718137936bc1dd6911c4947a3850d938df2e8d6de5f0719326d51286ee,Open Charge Map API v3,274452,CCS (Type 2) | CHAdeMO,50,2,1,Operational,Public - Pay At Location,"$0, but payment will be required Oct-Dec 2023",2023-09-18T01:27:00Z,Open Charge Map Contributors,50.7,14,close_address_power,rule_based_accept,NRMA Fast Charger Gunnedah,"Kepreotes Carpark, 73 Little Barber Street, Gunnedah, 2380"
ev_372a562b06916db567589a4649b53329cfc9c471b88ccaba4e0ebb33a268457a,Open Charge Map API v3,312274,CCS (Type 2),250,12,3,Operational,Public - Membership Required,$0.69/kWh,2025-05-07T05:24:00Z,Open Charge Map Contributors,78.7,11,close_coordinates_plus_identity,rule_based_accept,Tesla Supercharger - Coles Tenterfield,"1 Crown St, Tenterfield, 2372"
ev_37b5157ea5153add0ebf9703e9712ec28345b561edd3d2a8bd758233ad289a15,Open Charge Map API v3,126130,CHAdeMO | CCS (Type 2),50,,1,Operational,Public - Membership Required,$0.66/kWh,2024-11-12T12:09:00Z,Open Charge Map Contributors,16.9,15,operator_postcode_address,rule_based_accept,Narrandera Marie Bashir Park [NRMA],"31 Twynam Street, Narrandera, 2700"
ev_3836ad83b0fa19f12e7f46ca2742fa3cae20a2d3b54d9db5a0a8ed772c3698eb,Open Charge Map API v3,191958,CCS (Type 2),50,2,2,Operational,Public,$0.64/kWh,2026-07-15T02:03:00Z,Open Charge Map Contributors,10.8,11,close_coordinates_plus_identity,rule_based_accept,NRMA Young,"88 Lovell Street, Young"
ev_3863cf23b068eb2f9adbcf31e9394a4da6f4fda54f3cf4f49e31d8dfef075a98,Open Charge Map API v3,172919,CCS (Type 2) | CHAdeMO,50 | 350,4,3,Operational,Public - Membership Required,$0.45 - $0.60/kWh,2024-05-28T05:36:00Z,Open Charge Map Contributors,23.7,17,operator_postcode_address,rule_based_accept,Karuah [Chargefox],"403 Tarean Road, Karuah, 2324"
ev_3953c525a75b720790cf7ef496d8b7863986d37a440ac0b7f606c4b12c3bc8ad,Open Charge Map API v3,312659,CCS (Type 2) | Type 2 (Socket Only),22 | 300,5,1,Operational,Public,63c,2025-05-20T02:24:00Z,Open Charge Map Contributors,37.0,13,close_coordinates_plus_identity,rule_based_accept,Evie 300kW Charger,"Cooper Lane, Tamworth, 2340"
ev_397832e5b06f91dfe8949d09e9ce7928e75b3effa782d1d4d39d543425e4857d,Open Charge Map API v3,191394,CCS (Type 2) | CHAdeMO,50,2,1,Operational,Public,Free,2022-02-09T13:05:00Z,Open Charge Map Contributors,4.7,18,operator_postcode_address,rule_based_accept,NRMA Olympic Park,"9 Murray Rose Ave, Sydney Olympic Park, 2127"
ev_3a408cf1e9ca5c81f7ad0e8de13725bb7b6354be9ec9f2346bc463ad8b44c904,Open Charge Map API v3,128195,Type 1 (J1772) | Tesla (Model S/X) | Type 2 (Socket Only),7,6,2,Operational,Public - Membership Required,Free,2021-11-17T09:59:00Z,Open Charge Map Contributors,464.5,6,combined_evidence,rule_based_accept,PCYC Car Park,"Civic Parade, Dee Why, 2099"
ev_3a46df09a2d19b8dd5c0d3aeaf5466a14559c8ea01a349b2112c326b6a27a245,Open Charge Map API v3,190003,CCS (Type 2),210,4,4,Operational,Public - Membership Required,$0.64 / kWh,2026-07-15T01:58:00Z,Open Charge Map Contributors,8.5,11,manual_review,manual_accept,Sydney Road,"Sydney Road, Bradfordville, Goulburn, 2580"
ev_3be7baa2d42d6a57984d876dff722f71a4bfd68dd29a41f93336c6f69c86c725,Open Charge Map API v3,272694,CCS (Type 2) | CHAdeMO,50,4,1,Operational,Public - Membership Required,,2023-07-16T23:09:00Z,Open Charge Map Contributors,24.3,18,operator_postcode_address,rule_based_accept,Northbridge Plaza,"9 Eastern Valley Way, Northbridge, 2063"
ev_3bf1991a2bd83eb074345a8d4467ffd36a8944af3bb5ddd8f0524fc4c423111a,Open Charge Map API v3,190915,CCS (Type 2) | CHAdeMO,50,2,1,Operational,Public,FREE,2022-01-04T11:52:00Z,Open Charge Map Contributors,871.3,5,combined_evidence,rule_based_accept,NRMA Jerilderie,"Powell Street, Jerilderie, 2716"
ev_3c89a1ebcda70d4bc0e9ae8542512c6cc004e81d03b2136a8324c68a7217ced7,Open Charge Map API v3,272686,CCS (Type 2) | CHAdeMO,50,4,1,Operational,Public - Membership Required,,2023-07-16T22:00:00Z,Open Charge Map Contributors,413.5,13,operator_postcode_address,rule_based_accept,Raglan Street West,"188 Raglan St, Mosman, 2088"
ev_3ec5e1f5bafda5afc1a9af3cd122195ca0a2d2c55f15307de0d3609b5051a205,Open Charge Map API v3,190875,CCS (Type 2) | CHAdeMO,25,2,1,Operational,Public - Membership Required,$0.00/kWh up to 7 kWh then $0.40/kWh,2023-07-13T10:53:00Z,Open Charge Map Contributors,18.0,18,operator_postcode_address,rule_based_accept,Kensington [Jolt],"110 Anzac Pde, Kensington, 2033"
ev_3f036964a046ac5d092d81eee9eb5ac2113a17cf093b1d3f8ddacc408222660a,Open Charge Map API v3,190005,CCS (Type 2) | CHAdeMO,50,2,1,Operational,Public - Membership Required,FREE,2021-12-19T02:14:00Z,Open Charge Map Contributors,187554.1,14,operator_postcode_address,rule_based_accept,Banjo Paterson Park [NRMA],"81 Meehan Street, Yass, 2582"
ev_407dbb0e53878271bda79b0a8c3c8f5098732cb7ded32bc40bb41c5b9a5e3969,Open Charge Map API v3,168913,Unknown,,1,1,Operational,(Unknown),,2021-07-02T10:48:00Z,Open Charge Map Contributors,243.3,9,combined_evidence,rule_based_accept,Abbott Road,"19/287 Victoria Road, Rydalmere, 2116"
ev_4238b7f9adfac59ad9c6c913288b277e69a4b6cfab0a01995240643eb05c2cf3,Open Charge Map API v3,272618,CCS (Type 2),120,2,2,Operational,Public - Membership Required,$0.45/kWh,2023-07-16T13:41:00Z,Open Charge Map Contributors,11.7,14,close_address_power,rule_based_accept,ENGIE - DFO Homebush,"3 -5 Underwood Road, Homebush, 2140"
ev_424ed1705110e6714d2e685d13e21ef18249f5e8e3ec2ff4abbf844df0a9329e,Open Charge Map API v3,193048,CCS (Type 2) | CHAdeMO,50,4,2,Operational,Public - Membership Required,,2023-07-16T13:40:00Z,Open Charge Map Contributors,28.6,13,operator_address_power,rule_based_accept,Marrickville Metro,"Smidmore Street, Sydney, 2044"
ev_4329e07697dc097d7df3ad78c1cbc455e848da392d04f115b14c386134fb4752,Open Charge Map API v3,272627,CCS (Type 2) | CHAdeMO,50,4,2,Operational,Public - Membership Required,,2026-03-05T06:26:00Z,Open Charge Map Contributors,48.6,13,close_coordinates_plus_identity,rule_based_accept,Macquarie Centre,"Cnr Herring Rd & Waterloo Rd, North Ryde, 2113"
ev_433a28a62cf678ff68a304f9161ecd4458415a9394f019be0606660fe1d25220,Open Charge Map API v3,460615,CCS (Type 2),250,4,4,Operational,Public - Membership Required,,2025-09-01T05:09:00Z,Open Charge Map Contributors,39.7,14,close_coordinates_plus_identity,rule_based_accept,Tesla Supercharger Armidale,"117 Jessie Street, Armidale"
ev_4377620a088a80cf44882f19b84422fb6f1a4b036bdaa315c53ba300bbd148ce,Open Charge Map API v3,480398,CCS (Type 2),250,1,12,Operational,Public - Membership Required,,2026-03-19T05:06:00Z,Open Charge Map Contributors,53.6,14,close_coordinates_plus_identity,rule_based_accept,John Oxley Drive,"John Oxley Drive, Thrumster, 2444"
ev_47e7e2089932648b25dd278419c9d6c5e8a809d21a90ac85d142a33219d4076c,Open Charge Map API v3,190225,CCS (Type 2) | CHAdeMO,50 | 84,4,3,Partly Operational (Mixed),Public - Membership Required,"Ultra-Rapid: $0.60/kWh, Rapid: $0.40/kWh",2023-07-13T11:04:00Z,Open Charge Map Contributors,35.2,18,operator_postcode_address,rule_based_accept,NRMA Ballina,"44 Bangalow Road, Ballina, 2478"
ev_493afb89ec4116e7dfe20763aa68c152e55b9e5cf1370f36d15e0307fd5aa3a8,Open Charge Map API v3,192929,CHAdeMO | CCS (Type 2),25,2,1,Operational,Public - Membership Required,"First 7kWh free, then $0.46 per kWh thereafter. $5/hr idle time",2023-02-11T08:43:00Z,Open Charge Map Contributors,5.7,18,operator_postcode_address,rule_based_accept,Mona Vale library carpark [JOLT],"1 Park St, Mona Vale, 2103"
ev_49f84dc0eca272f488006e218ffb7b0fc6da9899ec4c8c3de74bd3395b3ed70b,Open Charge Map API v3,266586,CCS (Type 2) | CHAdeMO,350,4,2,Operational,Public - Membership Required,0.60c per kWh,2023-09-18T17:57:00Z,Open Charge Map Contributors,12.6,18,operator_postcode_address,rule_based_accept,EVIE Cameron Park,"119 Stenhouse Drive, Cameron Park, 2285"
ev_4a1445bddd2a904c8fe8d2b321a2d651f130d358df8cb6a80f3882e87270acc0,Open Charge Map API v3,161843,CCS (Type 2) | CHAdeMO,50,2,1,Operational,Public,Currently free but will be fee at some point,2021-12-19T02:10:00Z,Open Charge Map Contributors,9.3,16,operator_postcode_address,rule_based_accept,Picton [NRMA],"5 Walton Lane, Picton, 2571"
ev_4a383067afe34e376d30cb0e5cd3efabbaa695352f0afd23a11af87bf6b460d4,Open Charge Map API v3,191161,CCS (Type 2) | CHAdeMO,50,4,2,Operational,Public - Membership Required,$0.40/kWh,2023-07-15T14:01:00Z,Open Charge Map Contributors,14.3,13,operator_address_power,rule_based_accept,Evie Cabramatta,"Hungry Jacks, 401 Cabramatta Road, Cabramatta"
ev_4a72e8dadf98c01f0c62241db9057233fb696a8565264b603d532473c84942a5,Open Charge Map API v3,190670,CCS (Type 2) | CHAdeMO,50,2,1,Operational,Public,Currently free but will be fee at some point.,2021-12-17T02:59:00Z,Open Charge Map Contributors,319.8,8,combined_evidence,rule_based_accept,Hay [NRMA],"134 Lachlan St, Hay, 2711"
ev_4c71a92d211e3ce05a4e360cc5ba6cf5abe526f1ce2cc39b5d715dd5d9df2ab8,Open Charge Map API v3,272684,CCS (Type 2) | CHAdeMO,50,4,2,Operational,Public - Membership Required,,2023-07-16T21:56:00Z,Open Charge Map Contributors,14.1,12,close_coordinates_plus_identity,rule_based_accept,BP Ashfield,"586A Parramatta Rd, Croydon, 2132"
ev_4c7cc8dd3b71579d91c636b09ad8fec0cbd4a70ad0a9f4dd4510befd7db75b85,Open Charge Map API v3,190392,CCS (Type 2) | CHAdeMO,350,4,2,Operational,Public - Membership Required,$0.60 per kWh,2023-07-16T12:45:00Z,Open Charge Map Contributors,29.3,18,operator_postcode_address,rule_based_accept,Evie Macksville,"24 Cooper St, Ampol Foodary, Macksville, 2447"
ev_4ce4a0703089f5a3d1c26a546e883295b73d1143549590a631d2c190dce7a619,Open Charge Map API v3,170824,CCS (Type 2) | CHAdeMO,50,2,1,Operational,Public,Currently free but will be fee at some point.,2020-12-11T13:42:00Z,Open Charge Map Contributors,584652.5,14,operator_postcode_address,rule_based_accept,Armidale Visitors Centre,"82 Marsh Street, Armidale, 2350"
ev_4e96a6bd56d649faa62716702fd7dec5d2cf56fc831ba2965c043ab0d41a3cf8,Open Charge Map API v3,265390,CCS (Type 2) | CHAdeMO,50,4,2,Operational,Public - Membership Required,$0.45 per kWh. Parking overstay charges may apply,2023-07-15T14:02:00Z,Open Charge Map Contributors,18.3,18,operator_postcode_address,rule_based_accept,HomeCo Castle Hill,"18 Victoria Avenue, Castle Hill, 2154"
ev_4ecf08fbeb901b4b91d1c6eebaf5cf32554d9e6751dc5f71422d83dd148cd1b8,Open Charge Map API v3,266501,CCS (Type 2),250,12,12,Operational,Public - Membership Required,$0.66/kWh,2023-06-08T03:24:00Z,Open Charge Map Contributors,131.0,15,operator_postcode_address,rule_based_accept,Campbelltown Supercharger,"20-22 Camden Road, Campbelltown, 2560"
ev_50a86f99bd6ebda7df9d6949b1a2e8087d98a21de5cc843f99eb8412e880071b,Open Charge Map API v3,272630,CCS (Type 2) | CHAdeMO,50,4,2,Operational,Public - Membership Required,,2023-07-15T12:06:00Z,Open Charge Map Contributors,14.6,18,operator_postcode_address,rule_based_accept,Royal Randwick,"73 Belmore Road, Randwick, 2031"
ev_5178ef2bbe95e772345a5651aaaab94ab880a4bcc7fc797a8d8b180a576e0692,Open Charge Map API v3,190680,CCS (Type 2) | CHAdeMO,50,2,1,Operational,Public,Currently free but will be fee at some point for non NRMA Members,2022-12-23T23:20:00Z,Open Charge Map Contributors,350950.8,12,operator_postcode_address,rule_based_accept,Nyngan [NRMA],"18 Cobar Street, Nyngan, 2825"
ev_51cf10cf79ca60c9b87bde15364a49de21dc34352a6db25304b81d6163f3325c,Open Charge Map API v3,79760,CCS (Type 2),120,6,6,Operational,Public - Membership Required,$0.52/kWh,2021-12-19T02:16:00Z,Open Charge Map Contributors,7.4,18,operator_postcode_address,rule_based_accept,Gundagai Supercharger [Tesla],"34 Annie Pyers Drive, Gundagai, 2722"
ev_58f80009316380c0cbbab396d3e644addc2aeb193d9195d63fc47ec25dd40183,Open Charge Map API v3,157566,CCS (Type 2) | CHAdeMO,50,2,1,Operational,Public,,2021-12-19T02:29:00Z,Open Charge Map Contributors,12.9,18,operator_postcode_address,rule_based_accept,Batemans Bay Visitor Centre [NRMA],"2A Beach Road, Batemans Bay, 2536"
ev_5980727ec2879b9fe52b354cb3441520d1b5ca44a1a90784bcdc2427e68ffa3c,Open Charge Map API v3,272619,CCS (Type 2) | CHAdeMO,25,8,8,Operational,Public - Membership Required,Free - $0.42/kWh,2023-07-15T09:08:00Z,Open Charge Map Contributors,86.9,16,operator_postcode_address,rule_based_accept,The Heffron Centre,"439 Bunnerong Road, Chifley, 2036"
ev_59f949f85f20276de5b579d641f6575556cf987dafea00517f88d2e261a02284,Open Charge Map API v3,274452,CCS (Type 2) | CHAdeMO,50,2,1,Operational,Public - Pay At Location,"$0, but payment will be required Oct-Dec 2023",2023-09-18T01:27:00Z,Open Charge Map Contributors,196.9,8,manual_review,manual_accept,NRMA Fast Charger Gunnedah,"Kepreotes Carpark, 73 Little Barber Street, Gunnedah, 2380"
ev_5b81b6b22082415bb88f0cd0b45cde425f5ab0b90200739c3121943f19d7f2f4,Open Charge Map API v3,190861,CCS (Type 2) | CHAdeMO,50,4,2,Operational,Public,$0.64/kWh,2026-07-15T01:28:00Z,Open Charge Map Contributors,219.4,8,combined_evidence,rule_based_accept,Snowy River Ave Car Park,"3 Snowy River Ave, Jindabyne, 2627"
ev_5b831093929722ee59e4bd6f95db28d1a8249aeeba97c6a98c5e0c022653f204,Open Charge Map API v3,191953,CCS (Type 2) | CHAdeMO,50,2,1,Operational,Public - Membership Required,60c / 54c for NRMA Members,2024-06-14T12:05:00Z,Open Charge Map Contributors,693.8,7,combined_evidence,rule_based_accept,Bathurst Visitor Information Centre,"1 Kendall Avenue, Bathurst"
ev_5cb57763846dec85e772b974b54d76afbd2953027b68db66cae1cee5baa1ffc7,Open Charge Map API v3,272617,CCS (Type 2),120,2,2,Operational,Public - Membership Required,$0.45/kWh,2023-07-15T09:01:00Z,Open Charge Map Contributors,79.7,10,close_coordinates_plus_identity,rule_based_accept,ENGIE - Roselands Shopping Centre,"24 Roselands Drive, Roselands, 2196"
ev_5f878250d286e193cdd566958d913d3895196de5f04a498fef9ef678d79fa60f,Open Charge Map API v3,79490,CCS (Type 2),120,6,6,Operational,Public - Membership Required,$0.52/kWh,2021-12-19T02:07:00Z,Open Charge Map Contributors,83.7,16,operator_postcode_address,rule_based_accept,Heatherbrae Supercharger [Tesla],"2285 Pacific Highway, Heatherbrae, 2324"
ev_5fadf09f3641b5d93be7bae3d8b5dc62e40930b08c1b60c247c41ad7c4a208f2,Open Charge Map API v3,154488,CCS (Type 2) | CHAdeMO,50,4,2,Operational,Public,60c / 54c for members of NRMA,2024-06-14T12:05:00Z,Open Charge Map Contributors,7.7,13,operator_address_power,rule_based_accept,Lithgow Workmen's Club,"Tank St, Lithgow"
ev_61d91b8e20330ceaa76695d256b496f784c65a37fb0d1794c14d66eefc09b1a1,Open Charge Map API v3,191959,CCS (Type 2) | CHAdeMO,50,2,1,Operational,Public - Membership Required,FREE,2022-03-10T22:20:00Z,Open Charge Map Contributors,12.9,11,close_coordinates_plus_identity,rule_based_accept,NRMA Coonabarabran,"Newell Highway, Coonabarabran"
ev_62252341d06e9055c34d6652204c371b9c9c93e1e7f0c5708d76db194378c010,Open Charge Map API v3,161993,CCS (Type 2) | CHAdeMO,145 | 180,4,4,Operational,Public,$0.74/kWh,2026-07-14T23:37:00Z,Open Charge Map Contributors,20.1,15,operator_postcode_address,rule_based_accept,Nabiac [NRMA],"Nabiac Street, Nabiac, 2312"
ev_634e02629502a18c50bca9c41aa553c6faf5c22c920d2bb3a80eb7cd037225bf,Open Charge Map API v3,273428,CCS (Type 2),75,2,2,Operational,Public - Membership Required,55c/kWh,2023-08-09T12:02:00Z,Open Charge Map Contributors,76.2,15,operator_postcode_address,rule_based_accept,bp pulse Rosehill,"Hassall Street, Rosehill, 2142"
ev_649cd43867cabf7ec762a385b013a94cd8487fa3379231d160331fc57492045d,Open Charge Map API v3,190671,CCS (Type 2) | CHAdeMO,50,2,1,Operational,Public - Membership Required,FREE,2021-12-17T02:52:00Z,Open Charge Map Contributors,20.9,18,operator_postcode_address,rule_based_accept,Balranald [NRMA],"89 Market Street, Balranald, 2715"
ev_65e6adc18a42c876697f1b36d8fbc897eb1b9670b3092a1979310a7b67ec7513,Open Charge Map API v3,272624,CCS (Type 2),120,2,2,Operational,Public - Membership Required,$0.55/kWh,2023-07-15T09:24:00Z,Open Charge Map Contributors,79.8,16,operator_postcode_address,rule_based_accept,ENGIE - Greenway Wetherill Park,"1183-1187 The Horsley Drive, Wetherill Park, 2164"
ev_67cde3032dedb562f1606a716901d65ed8414b334fd9f8fd1cd97f841d054d92,Open Charge Map API v3,296038,CCS (Type 2),75,2,2,Operational,Public - Membership Required,,2025-01-24T09:21:00Z,Open Charge Map Contributors,39.3,9,close_coordinates_plus_identity,rule_based_accept,KFC Goulburn,"Lockyer Street, Goulburn, 2580"
ev_692fa13ab82034a891fb291855fa9243fc6cacbd75babc2e65a762e90d046cb3,Open Charge Map API v3,273436,CCS (Type 2) | CHAdeMO,75,2,1,Operational,Public - Membership Required,55c/kWh,2023-08-09T12:50:00Z,Open Charge Map Contributors,27.4,18,operator_postcode_address,rule_based_accept,Wiley Park [bp pulse],"24-42 King Georges Road, Wiley Park, 2195"
ev_69c4e959a1a2fd748f2c727b421f17b5179badb2fbafceb80eecc7553c621a93,Open Charge Map API v3,129982,CCS (Type 2),120,6,6,Operational,Public - Membership Required,$0.52/kWh,2023-08-30T06:19:00Z,Open Charge Map Contributors,99.6,11,close_coordinates_plus_identity,rule_based_accept,Hollydene Supercharger [Tesla],"3483 Golden Hwy, Jerry's Plains"
ev_6b03c3e0a316d1c6306bc55f56b03d66f61421d5cb9d100cce911505737fc0b7,Open Charge Map API v3,272675,CCS (Type 2) | CHAdeMO,50,4,2,Operational,Public - Membership Required,,2023-07-16T12:52:00Z,Open Charge Map Contributors,723.1,15,operator_postcode_address,rule_based_accept,Swansea,"152 Pacific Hwy, Swansea, 2281"
ev_6b6036e412e474639adcaf38755fa67b79e5382a38b769f0ad3f4aadc14730b5,Open Charge Map API v3,128374,CCS (Type 2),120,6,6,Operational,Public - Membership Required,AUD 0.42/kWh;other tariffs for older cars,2023-08-30T06:17:00Z,Open Charge Map Contributors,46.0,15,operator_address_power,rule_based_accept,Berry Supercharger,"B640 Princes Highway, Berry"
ev_6f15c9f4ef710785f91296158349a59ff347e397290d6bf370dce988a524c9ff,Open Charge Map API v3,274056,CCS (Type 2) | CHAdeMO,100 | 180,2,1,Operational,Public - Membership Required,$0.69/kWh for pay-as-you-go charging.,2023-08-31T09:47:00Z,Open Charge Map Contributors,5.9,12,close_coordinates_plus_identity,rule_based_accept,Ampol Foodary Penrith,"153 Coreen Ave, Penrith, 2750"
ev_6fddf67cd79ce70f1669da6b18638c91bb7b066b4cdf86974ec620f0e920ebea,Open Charge Map API v3,266500,CCS (Type 2) | CHAdeMO,50,2,1,Operational,Public - Membership Required,FREE,2023-06-08T03:24:00Z,Open Charge Map Contributors,886745.3,14,operator_postcode_address,rule_based_accept,NRMA Scone,"116 Liverpool Street, Scone, 2337"
ev_7111c5da459e1385e97e441e923bc3b99b903019c59ce2f263cea61c1b7abc70,Open Charge Map API v3,79311,CCS (Type 2),120,6,6,Operational,Public - Membership Required,AUD 0.52/kWh,2021-12-19T01:54:00Z,Open Charge Map Contributors,0.1,16,operator_postcode_address,rule_based_accept,Port Macquarie Supercharger [Tesla],"764 Pacific Highway, Port Macquarie, 2444"
ev_7231c4beaa933b64c0e53d3bbac660ff76676403ce850549df41ced9d80b6b62,Open Charge Map API v3,278525,CCS (Type 2),,1,1,Planned For Future Date,Public - Membership Required,,2023-10-09T02:47:00Z,Open Charge Map Contributors,10.0,15,operator_postcode_address,rule_based_accept,Ampol Waitara,"Corner Pacific Highway, Unwin Road, Waitara, 2077"
ev_74c76287a00f79c988e240eb18420a501fa07cd2b5dda23306df98468501fe98,Open Charge Map API v3,191164,CHAdeMO | CCS (Type 2),50,2,1,Operational,Public - Membership Required,$0.40/kWh,2023-07-16T22:01:00Z,Open Charge Map Contributors,12.2,15,operator_address_power,rule_based_accept,Evie Mosman,"6 Myahgah Road, Mosman"
ev_75366985f529706ee67a53fbbd9d5574de08ea6e2f999e6bab45b554345f5166,Open Charge Map API v3,90199,CCS (Type 2),120,4,4,Operational,Public - Membership Required,AUD 0.42/kWh;other tariffs for older cars,2019-03-22T18:03:00Z,Open Charge Map Contributors,0.1,15,operator_address_power,rule_based_accept,Cooma Supercharger,"85-91 Commissioner Street, Cooma, NSW 2630"
ev_771c56cbe27b6d1c87ef8dedbd7c1135d282efc80d4a372ddba65a16f92f7e49,Open Charge Map API v3,190669,CCS (Type 2) | CHAdeMO,180,4,4,Operational,Public,$0.74/kWh,2026-07-15T02:13:00Z,Open Charge Map Contributors,34.1,17,operator_postcode_address,rule_based_accept,West Wyalong [NRMA],"13-15 Shire St, West Wyalong NSW 2671, West Wyalong,  2671"
ev_776ac39be06998cf2e32e1dc28783d7254274999809038f9a91c0f02f14e1be4,Open Charge Map API v3,480135,CCS (Type 2) | CHAdeMO,,4,2,Operational,Public,,2026-03-15T08:37:00Z,Open Charge Map Contributors,467746.2,13,operator_postcode_address,rule_based_accept,NRMA EV Charger Walcha,"10W Apsley Street, Walcha, 2354"
ev_77fc5728b55f4d99cc959af21523941e67c9622bb899dff9eca367d5b31b19e4,Open Charge Map API v3,273425,CCS (Type 2),75,2,2,Operational,Public - Membership Required,55c/kWh,2023-08-09T11:24:00Z,Open Charge Map Contributors,146.4,8,combined_evidence,rule_based_accept,Fairy Meadow [bp pulse],"224 Princes Hwy, Fairy Meadow, 2519"
ev_784c1170ac493ecca2d6c855503dcc79a569226065e28503f748f084b9d9cfc7,Open Charge Map API v3,272616,CCS (Type 2) | CHAdeMO,50 | 350,4,4,Operational,Public - Membership Required,$0.45 - $0.60/kWh,2023-07-15T08:58:00Z,Open Charge Map Contributors,11.8,13,close_coordinates_plus_identity,rule_based_accept,NRMA - Sydney,"4 Defries Avenue, Zetland, 2017"
ev_78e4df6810e978674c50b62d2751706a256c37d1f1b76f5c25970159d4315622,Open Charge Map API v3,272633,CCS (Type 2) | CHAdeMO,50,4,2,Operational,Public - Membership Required,,2023-07-15T12:14:00Z,Open Charge Map Contributors,31.1,18,operator_postcode_address,rule_based_accept,Belrose Home,"4-6 Niangala Close, Belrose, 2085"
ev_79f411d96c31479ee147fee5947fcea2099b686d10052d4b9be6dbaca918f75a,Open Charge Map API v3,190500,CCS (Type 2) | CHAdeMO,50,2,1,Operational,Public - Membership Required,$0.66/KWh,2024-11-12T12:09:00Z,Open Charge Map Contributors,394896.8,11,operator_address_power,rule_based_accept,Cross Street Carpark [NRMA],"8 Cross Street, Wagga Wagga, NSW"
ev_7adff80b899ce44c1161bce9128711c02b1ad3bb6c51698c5ae6cae0c74bf698,Open Charge Map API v3,171146,CCS (Type 2),120,4,4,Operational,Public - Membership Required,AUD 0.42/kWh;other tariffs for older cars,2020-12-22T06:35:00Z,Open Charge Map Contributors,9.5,18,operator_postcode_address,rule_based_accept,Maclean Supercharger,"56 Morpeth St., Harwood, 2465"
ev_7bebc2caad36a1472f7c1d1c314948ff957923b14feb94667272f8d1aa50e981,Open Charge Map API v3,272615,CCS (Type 2),120,2,2,Operational,Public - Membership Required,$0.45/kWh,2023-07-15T07:59:00Z,Open Charge Map Contributors,183.3,9,close_address_power,rule_based_accept,ENGIE - Warriewood Square,"12 Jacksons Road, Warriewood, 2101"
ev_7cde3d4e59cd084712a54481b1dd4295c6fd2f3ab426b9fa8c291f5893d98880,Open Charge Map API v3,260392,CCS (Type 2) | CHAdeMO,50,4,2,Operational,Public,,2023-04-23T10:48:00Z,Open Charge Map Contributors,792873.6,14,operator_postcode_address,rule_based_accept,Little Walker Street,"Little Walker Street, 2470"
ev_7cef84604b4c950226f5aa5702856fc23ddc262afd7ccf4e39fdb8fbe8259d78,Open Charge Map API v3,272624,CCS (Type 2),120,2,2,Operational,Public - Membership Required,$0.55/kWh,2023-07-15T09:24:00Z,Open Charge Map Contributors,44.9,14,close_address_power,rule_based_accept,ENGIE - Greenway Wetherill Park,"1183-1187 The Horsley Drive, Wetherill Park, 2164"
ev_7e865d63b303d5b24e0e694ef9b26390e4f11e82b74edf707f224c3876e4926e,Open Charge Map API v3,170607,CCS (Type 2),300,6,2,Operational,Public - Membership Required,$0.60 per kWh,2026-06-15T09:28:00Z,Open Charge Map Contributors,32.9,13,close_coordinates_plus_identity,rule_based_accept,Ampol Woolworths MetroGo Seven Hills,"38 Abbott Rd, Seven Hills, 2147"
ev_7ea097f46c2d821db7b00997855b3714399d0831607110cf13df0a7e4a68c0d1,Open Charge Map API v3,274056,CCS (Type 2) | CHAdeMO,100 | 180,2,1,Operational,Public - Membership Required,$0.69/kWh for pay-as-you-go charging.,2023-08-31T09:47:00Z,Open Charge Map Contributors,25.0,16,operator_postcode_address,rule_based_accept,Ampol Foodary Penrith,"153 Coreen Ave, Penrith, 2750"
ev_8156cda3bb7a266b15e1f3513baccfb35e4431a4ef67049779b707d96c1e4355,Open Charge Map API v3,191165,CCS (Type 2) | CHAdeMO,50,4,2,Operational,Public - Membership Required,$0.40/kWh,2023-07-15T12:03:00Z,Open Charge Map Contributors,3.7,15,operator_address_power,rule_based_accept,Evie Lane Cove,"2 Rosenthal Ave, “The Canopy”, Lane Cove"
ev_82089ad0a3d84c3f1f7df8c12f86bb44dce02df65e88e7202a54572bac9b7164,Open Charge Map API v3,272635,CCS (Type 2) | CHAdeMO,50,4,2,Operational,Public - Membership Required,,2023-07-15T12:20:00Z,Open Charge Map Contributors,13.9,18,operator_postcode_address,rule_based_accept,BP Caringbah,"54-76 Captain Cook Drive, Caringbah, 2229"
ev_8488cd5fb77e82c931f863b4b4f560fc3086eec4cae8d9c8cfd37694f9b243b9,Open Charge Map API v3,272641,CCS (Type 2) | CHAdeMO,50,4,2,Operational,Public - Membership Required,,2023-07-15T13:50:00Z,Open Charge Map Contributors,0.0,18,operator_postcode_address,rule_based_accept,Ashfield Mall,"260A Liverpool Rd, Ashfield, 2131"
ev_85a306ef0593bf7edf844f772e02c84e96cb5d388a750720f932644604a88ade,Open Charge Map API v3,121546,CCS (Type 2),120,4,4,Operational,Public - Membership Required,$0.52/kWh,2023-08-30T06:19:00Z,Open Charge Map Contributors,0.0,18,operator_postcode_address,rule_based_accept,Dubbo Supercharger [Tesla],"76 Wingewarra Street, Dubbo, 2830"
ev_868b229cce5195de2467b7463261c7a95c1f638210923fd0b4808ecdaab46e9e,Open Charge Map API v3,131610,CCS (Type 2) | Type I (AS 3112),3.45 | 180,3,2,Operational,Public,Free,2024-07-30T05:30:00Z,Open Charge Map Contributors,5.9,18,operator_postcode_address,rule_based_accept,Innovation Campus - University of Wollongong,"Off Innovation Way, North Wollongong, 2500"
ev_87355b5fddfe120eba463224557cf87e6c6f17fe96fc71e842b2e7c955707b7a,Open Charge Map API v3,190005,CCS (Type 2) | CHAdeMO,50,2,1,Operational,Public - Membership Required,FREE,2021-12-19T02:14:00Z,Open Charge Map Contributors,22.8,9,close_coordinates_plus_identity,rule_based_accept,Banjo Paterson Park [NRMA],"81 Meehan Street, Yass, 2582"
ev_874f423dd1a3f49848fbde04fc442b77c4de522dd5238f905a2e0af8c5c94bd2,Open Charge Map API v3,272632,CCS (Type 2) | CHAdeMO,50,4,2,Operational,Public - Membership Required,,2023-07-15T12:12:00Z,Open Charge Map Contributors,418.8,9,manual_review,manual_accept,Civic Plaza 88 Christie,"88 Christie St, St Leonards, 2065"
ev_896f4ca19ddc05a3365c99494ce97467b35c801d40644f31800610609a1ccb52,Open Charge Map API v3,128371,CCS (Type 2),120,6,6,Operational,Public - Membership Required,$0.52/kWh,2021-12-19T02:09:00Z,Open Charge Map Contributors,127.3,13,operator_address_power,rule_based_accept,Central Coast Supercharger [Tesla],"Bryant Drive & Wyong Road, Tuggerah"
ev_89beffcb616821fd74c6e8bf7126c5be8c97ef325cab8daaf9b3c38ffbfa6d41,Open Charge Map API v3,460617,CCS (Type 2),250,8,8,Operational,Public - Membership Required,$0.52/kWh - $0.72/kWh,2025-09-01T05:09:00Z,Open Charge Map Contributors,13.1,18,operator_postcode_address,rule_based_accept,Kew Tesla Supercharger,"2 Ocean Drive, Kew, 2439"
ev_89e697fa0944716df08365e800300b340a10d6efe38e35a49de304445dcfab64,Open Charge Map API v3,156010,CCS (Type 2),50,2,2,Operational,Public,$0.74/kWh,2026-07-15T01:03:00Z,Open Charge Map Contributors,89.4,16,operator_postcode_address,rule_based_accept,Cowra Regional Art Gallery,"77 Darling Street, Cowra, 2794"
ev_8df6e591395f0182787ec3f12a2812f5a0ae5cad6aa301345e9d81a1d747e1b1,Open Charge Map API v3,272627,CCS (Type 2) | CHAdeMO,50,4,2,Operational,Public - Membership Required,,2026-03-05T06:26:00Z,Open Charge Map Contributors,172.6,16,operator_postcode_address,rule_based_accept,Macquarie Centre,"Cnr Herring Rd & Waterloo Rd, North Ryde, 2113"
ev_8e498916e9f8def32feb1d71116900a5405b566799da660fb4a041644b354ca4,Open Charge Map API v3,460625,CCS (Type 2),250,12,12,Operational,Public - Membership Required,,2026-09-05T11:22:00Z,Open Charge Map Contributors,227.0,13,operator_postcode_address,rule_based_accept,Tesla Supercharger Taree,"37 Wynter Street, Taree, 2430"
ev_8e508009b751691ba8fa15d29dbcbf4a0a0dc4e8d0992f0e3c0d9d5525b7b21c,Open Charge Map API v3,171646,CCS (Type 2),250,6,6,Operational,Public - Membership Required,$0.69/kWh,2023-08-30T06:17:00Z,Open Charge Map Contributors,151.1,11,combined_evidence,rule_based_accept,Wollongong Supercharger,"Figtree Grove Shopping Centre, The Avenue, Figtree, 2525"
ev_90138642a7ae550d190f161fd4f92b6f4c3023c8fd5cf1d72d812cd2079ec190,Open Charge Map API v3,300153,CCS (Type 2),250,6,6,Operational,Public - Membership Required,$0.69/kWh,2024-06-25T11:19:00Z,Open Charge Map Contributors,81.1,15,operator_postcode_address,rule_based_accept,Tesla Supercharger Wagga Wagga,"Fernleigh Road, Glenfield Park, Wagga Wagga, 2650"
ev_91a22fbe9d654f5b281dd5d3e14323f01bc183a9478623b2e85ecb5253a16ee6,Open Charge Map API v3,272614,CCS (Type 2) | CHAdeMO | Type 2 (Socket Only),22 | 50,8,4,Operational,Public - Membership Required,Free,2023-07-15T07:56:00Z,Open Charge Map Contributors,30.5,13,close_coordinates_plus_identity,rule_based_accept,Mirvac South Eveleigh,"2 Central Avenue, Eveleigh, 2015"
ev_91dd00fa7130928eb72f678946657af7ba6c46a5b25a5bc4a469bdb34b3a86a5,Open Charge Map API v3,272673,CCS (Type 2) | CHAdeMO,50,4,2,Operational,Public - Membership Required,,2023-07-16T12:44:00Z,Open Charge Map Contributors,225.2,16,operator_postcode_address,rule_based_accept,Leichhardt Marketplace,"128 Flood Street, Leichhardt, 2040"
ev_92a54038955adbf16c92062ab57a4b497be32cb889fcc2b6cb5d53a12c433e0c,Open Charge Map API v3,190678,CCS (Type 2) | CHAdeMO,75,2,1,Operational,Public,,2022-05-04T03:08:00Z,Open Charge Map Contributors,797549.3,13,operator_postcode_address,rule_based_accept,Wilcannia [NRMA],"1-7 Ross St, Wilcannia, 2836"
ev_9358c2bc3c9c6777160febf4d5774a9b90424138f20124f871af59839edc4dc5,Open Charge Map API v3,272632,CCS (Type 2) | CHAdeMO,50,4,2,Operational,Public - Membership Required,,2023-07-15T12:12:00Z,Open Charge Map Contributors,14.6,18,operator_postcode_address,rule_based_accept,Civic Plaza 88 Christie,"88 Christie St, St Leonards, 2065"
ev_95dcf1e380063e890b96a43a3c3a971f22b7f40dadb9eddfbc2d2995803043c3,Open Charge Map API v3,190670,CCS (Type 2) | CHAdeMO,50,2,1,Operational,Public,Currently free but will be fee at some point.,2021-12-17T02:59:00Z,Open Charge Map Contributors,174.1,16,operator_postcode_address,rule_based_accept,Hay [NRMA],"134 Lachlan St, Hay, 2711"
ev_96272c524719da68b9940261b655844b41cf2a8acffe2cca5ec9bf05d0cbfb67,Open Charge Map API v3,295994,CCS (Type 2) | CHAdeMO | Type 2 (Socket Only),22 | 87 | 300,5,4,Operational,Public - Membership Required,$0.60/kWh,2024-03-06T17:53:00Z,Open Charge Map Contributors,57.6,13,close_coordinates_plus_identity,rule_based_accept,NRMA Cabarita Beach,"45 Cabarita Road, Bogangar, 2488"
ev_9867e00742a07ac870361adfd69334d775ce64681c234f7e52bd7553964fb5b8,Open Charge Map API v3,190683,CCS (Type 2) | CHAdeMO,50,2,1,Operational,Public - Membership Required,FREE,2021-12-17T04:13:00Z,Open Charge Map Contributors,494538.8,14,operator_postcode_address,rule_based_accept,Walgett [NRMA],"26 Neilly Street, Walgett, 2832"
ev_9bbfe5dc40b88c35b25684fcd8e04efa27cafa104dd51836f34ec7758d3eecc2,Open Charge Map API v3,266872,CCS (Type 2),120,2,2,Operational,Public - Membership Required,$0.45/kWh,2023-07-13T08:44:00Z,Open Charge Map Contributors,172.1,10,close_address_power,rule_based_accept,Chatswood Chase Chargefox,"345 Victoria Avenue, Chatswood, 2067"
ev_9bcb90f43d67ee9e988a609a2d405ef172628b1b8cf4ac692f398372fd97bc37,Open Charge Map API v3,190679,CCS (Type 2) | CHAdeMO,50,2,1,Operational,Public - Membership Required,FREE,2022-01-08T10:59:00Z,Open Charge Map Contributors,157126.3,14,operator_postcode_address,rule_based_accept,Cobar [NRMA],"3 Broomfield Street, Cobar, 2835"
ev_9eeb85b4fe2cf21b3fee9c759e75a01177f8019fcb29d3068169ecdde1a18a2d,Open Charge Map API v3,266501,CCS (Type 2),250,12,12,Operational,Public - Membership Required,$0.66/kWh,2023-06-08T03:24:00Z,Open Charge Map Contributors,88.3,15,operator_postcode_address,rule_based_accept,Campbelltown Supercharger,"20-22 Camden Road, Campbelltown, 2560"
ev_9f1adf8af8ddf34cd41e1e3356f2d55806dded2ced049f3a24a77181f2cac4ae,Open Charge Map API v3,190706,CCS (Type 2) | CHAdeMO,50,2,1,Operational,Public - Membership Required,50c per kWh energy consumed.,2023-07-12T22:38:00Z,Open Charge Map Contributors,89.6,16,operator_postcode_address,rule_based_accept,Dan Murphy's,"51 Orient Street, Batemans Bay, 2536"
ev_a54d312ac691446d2c01a66a507dba3f06ee27d1f65c3395fd5325f780aaba74,Open Charge Map API v3,190679,CCS (Type 2) | CHAdeMO,50,2,1,Operational,Public - Membership Required,FREE,2022-01-08T10:59:00Z,Open Charge Map Contributors,1.6,9,close_coordinates_plus_identity,rule_based_accept,Cobar [NRMA],"3 Broomfield Street, Cobar, 2835"
ev_a622f5bebf9f8e47788fcd9d447a0063553e0680a5bd85fbefb2ed11925c7f10,Open Charge Map API v3,97619,CCS (Type 2),120,6,6,Operational,Public - Membership Required,$0.52/kWh,2021-12-19T01:50:00Z,Open Charge Map Contributors,691.8,12,operator_postcode_address,rule_based_accept,Coffs Harbour Supercharger [Tesla],"253 Pacific Highway, Coffs Harbour, 2450"
ev_a6ee5b9323d796000ae02b45f4c13d618aedc5b7fab68eb1bca350c68116406a,Open Charge Map API v3,191956,CCS (Type 2) | CHAdeMO,50,2,1,Operational,Public - Membership Required,FREE,2022-03-10T22:21:00Z,Open Charge Map Contributors,23.1,16,operator_postcode_address,rule_based_accept,NRMA Parkes,"Bogan Street, Parkes, 2870"
ev_a75663c252f89583dc887b89be28ce9a6cf8938d1ec48e34c5b51a156d7cb7ae,Open Charge Map API v3,191160,CCS (Type 2) | CHAdeMO,50,4,2,Operational,Public - Membership Required,$0.40/kWh,2023-07-16T12:30:00Z,Open Charge Map Contributors,5.1,15,operator_address_power,rule_based_accept,Bankstown [Evie],"9-49 Chapel Road, Bankstown"
ev_a86d89cdfd75ebe4577a4b4d62548b26e2b7e95b6e8ff6e4c247ed3a596e7170,Open Charge Map API v3,191955,CCS (Type 2) | CHAdeMO,50,2,1,Operational,Public - Membership Required,FREE,2022-03-10T22:21:00Z,Open Charge Map Contributors,15.8,15,operator_address_power,rule_based_accept,NRMA Dubbo,"Wingewarra Street, Dubbo"
ev_a8e44ccd9c23dc3a9c6faab99c0656e4cb93ea39a27208d0a21a6c3bfb437420,Open Charge Map API v3,191957,CCS (Type 2) | CHAdeMO,50,2,1,Operational,Public,60c / 54c for NRMA Members,2024-06-14T12:05:00Z,Open Charge Map Contributors,7.5,16,operator_postcode_address,rule_based_accept,NRMA Mudgee,"Perry Street, Mudgee, 2850"
ev_aa65ed899c7474e3ba60a1b5922be9c4115a56436f6af3187920db4a736edfb0,Open Charge Map API v3,172921,CCS (Type 2) | CHAdeMO,100 | 350,4,2,Operational,Public,"$0.60/kWh, 20% discount for NRMA members",2026-09-01T11:39:00Z,Open Charge Map Contributors,29.9,17,operator_postcode_address,rule_based_accept,Port Macquarie Service Centre [Chargefox],"1063 Oxley Highway, Thrumster, 2444"
ev_ae586fded39e78d6652c061c577c326efba2812ae6ad7694b996cbaf205b4b8b,Open Charge Map API v3,273428,CCS (Type 2),75,2,2,Operational,Public - Membership Required,55c/kWh,2023-08-09T12:02:00Z,Open Charge Map Contributors,85.5,11,close_coordinates_plus_identity,rule_based_accept,bp pulse Rosehill,"Hassall Street, Rosehill, 2142"
ev_ae66468491cafa54e2f15edd06c201c95b3ac2c8e6759a28584900ba612ecab2,Open Charge Map API v3,97619,CCS (Type 2),120,6,6,Operational,Public - Membership Required,$0.52/kWh,2021-12-19T01:50:00Z,Open Charge Map Contributors,0.1,18,operator_postcode_address,rule_based_accept,Coffs Harbour Supercharger [Tesla],"253 Pacific Highway, Coffs Harbour, 2450"
ev_b04070d1a61060606f9eff76bb3187dec2763edc71841621c2368c0d88ffdd31,Open Charge Map API v3,272689,CCS (Type 2) | CHAdeMO,50,2,1,Operational,Public - Membership Required,,2023-07-16T22:09:00Z,Open Charge Map Contributors,5.5,16,operator_postcode_address,rule_based_accept,Dorhauer Lane,"Dorhauer Lane, Woollahra, 2025"
ev_b7e33a8eb34134563442a4ac84ffff0a1d7412d25b19285df8c5a9a83c62b0ce,Open Charge Map API v3,191183,CCS (Type 2),50,2,1,Operational,Public - Membership Required,$0.74/kWh,2026-07-15T00:58:00Z,Open Charge Map Contributors,52.9,15,operator_address_power,rule_based_accept,NRMA Bega,"Church Street Carpark, 81 Gipps Street, Bega"
ev_b86d336862da67afe4b2c514634aecba94945d02b61f921e82eb81a3f2cf11ca,Open Charge Map API v3,190358,CCS (Type 2),80,2,1,Operational,Public,$0.70/kWh,2026-07-15T01:53:00Z,Open Charge Map Contributors,30.2,14,close_coordinates_plus_identity,rule_based_accept,Jugiong [NRMA],"319 Riverside Drive, Jugiong"
ev_b92182ca65c5fcaaf5d1e06fe45cb95828fecba3fc85fce079ea2555fb74a97f,Open Charge Map API v3,90199,CCS (Type 2),120,4,4,Operational,Public - Membership Required,AUD 0.42/kWh;other tariffs for older cars,2019-03-22T18:03:00Z,Open Charge Map Contributors,570.4,7,combined_evidence,rule_based_accept,Cooma Supercharger,"85-91 Commissioner Street, Cooma, NSW 2630"
ev_b9dc0376cb640f3cc05c59596817a1aa278cc3f1fff9765de3e30b1501e76795,Open Charge Map API v3,238125,CCS (Type 2) | CHAdeMO,75,2,1,Operational,Public - Membership Required,$0.55/kWh,2023-08-09T12:16:00Z,Open Charge Map Contributors,27.8,13,operator_address_power,rule_based_accept,Marulan Roadhouse Southbound,"15597 Hume Hwy, Marulan"
ev_ba237782f850e8ed1d3609c4f53a9e89449764dde1c70a6b662eb7b9499730e5,Open Charge Map API v3,299879,CCS (Type 2) | CHAdeMO,65 | 75,4,1,Operational,Public - Membership Required,$0.60/kWh,2024-06-11T09:50:00Z,Open Charge Map Contributors,107.6,13,operator_postcode_address,rule_based_accept,Chargefox Charging Station,"38 Camden Rd, Campbelltown, 2560"
ev_bc2fc8665fc1a22bdba4f1629c545a67634b1916eeec036238dde138387ebec6,Open Charge Map API v3,272700,CCS (Type 2) | CHAdeMO,50,4,2,Operational,Public - Membership Required,,2023-07-17T06:55:00Z,Open Charge Map Contributors,83.0,16,operator_postcode_address,rule_based_accept,Red Rooster Guildford,"322 Woodville Road, Guildford, 2161"
ev_bc33d511b7715a055223ed8e1124e70e9c17427383f93197e717a159113754f4,Open Charge Map API v3,479816,CCS (Type 2),180,10,10,Operational,Public - Membership Required,$0.60/kWh for pay-as-you-go charging.,2026-03-09T04:11:00Z,Open Charge Map Contributors,401.7,15,operator_postcode_address,rule_based_accept,Shellharbour Ampcharge,"Lake Entrance Road, Shellharbour City Centre, 2529"
ev_bd471c0b40e8f005ec03aed3dad2bf73e1a1f8918edc5cff96df1e342ef05204,Open Charge Map API v3,272635,CCS (Type 2) | CHAdeMO,50,4,2,Operational,Public - Membership Required,,2023-07-15T12:20:00Z,Open Charge Map Contributors,500.8,11,combined_evidence,rule_based_accept,BP Caringbah,"54-76 Captain Cook Drive, Caringbah, 2229"
ev_bde34abbf08b3a9a951b1b580a2959d19e8a98c0e1e7f951ed15531d5dfb378b,Open Charge Map API v3,191062,CCS (Type 2),165,1,1,Operational,Public - Membership Required,$0.70/kWh,2023-07-13T10:51:00Z,Open Charge Map Contributors,15.7,18,operator_postcode_address,rule_based_accept,Audi Centre Sydney ,"895 South Dowling Street, Zetland, 2017"
ev_be05715876b065d15a2391a4d91a3a4692cd3a33311ddfc3cb40b01c223bd336,Open Charge Map API v3,306016,CCS (Type 2) | CHAdeMO,25,2,1,Operational,Public - Membership Required,$0.35/kWh,2024-12-08T01:54:00Z,Open Charge Map Contributors,18.6,18,operator_postcode_address,rule_based_accept,Middy's Wagga East,"Stuart Road, East Wagga Wagga, 2650"
ev_c0885e33b75755c38ca654c2d8e3b3fd40eee017419a362fcc423f6f58c3976f,Open Charge Map API v3,79243,CCS (Type 2),120,6,6,Operational,Public - Membership Required,AUD 0.42/kWh;other tariffs for older cars,2023-08-30T06:20:00Z,Open Charge Map Contributors,0.1,16,operator_postcode_address,rule_based_accept,Knockrow Supercharger,"419 Hinterland Way, Knockrow, 2479"
ev_c1633ff7ac22c9e53a2a438017915ff6c6cb9acd5d92179d21841fa889b1f603,Open Charge Map API v3,190757,CCS (Type 2) | CHAdeMO,25,2,1,Operational,Public - Membership Required,$0.00/kWh up to 7 kWh then $0.46/kWh,2023-02-11T08:43:00Z,Open Charge Map Contributors,11.9,16,operator_postcode_address,rule_based_accept,Mona Vale [JOLT],"2 Bungan St, Mona Vale, 2103"
ev_c1f1ec246d6e8d5edd8df2e7c3579ca98eeba01dc50d229c1e33474805b2c8db,Open Charge Map API v3,311704,CCS (Type 2),250,15,15,Operational,Public - Membership Required,$0.56/kWh,2025-04-28T11:06:00Z,Open Charge Map Contributors,68.1,17,operator_postcode_address,rule_based_accept,Moonee Beach,"2 Moonee Beach Rd, Moonee Beach, 2450"
ev_c6d52ecc3b33435845304ad1cff1975b727bbad8567ece427d09c12d4959c1e3,Open Charge Map API v3,489555,CCS (Type 2),60,2,1,Operational,Public - Membership Required,$0.58/kWh,2026-05-18T12:30:00Z,Open Charge Map Contributors,1284.1,14,operator_postcode_address,rule_based_accept,Lake George Winery,"173 The Vineyards Road, Lake George, 2581"
ev_c70c456210fbd6b27fcb1aad4968b351677393ef22667e250d68d88e80064e77,Open Charge Map API v3,190351,CCS (Type 2) | CHAdeMO,350,4,2,Operational,Public - Membership Required,65c per kwH energy consumed.,2023-07-12T22:53:00Z,Open Charge Map Contributors,4.6,15,operator_address_power,rule_based_accept,Tarcutta Roadhouse [Evie],"32 Sydney Street, Tarcutta"
ev_c961ec933e86e0a2e62bb297e0734bcbfcf7596d3f2e4de838b901cf93c0ae7c,Open Charge Map API v3,272686,CCS (Type 2) | CHAdeMO,50,4,1,Operational,Public - Membership Required,,2023-07-16T22:00:00Z,Open Charge Map Contributors,350.1,9,combined_evidence,rule_based_accept,Raglan Street West,"188 Raglan St, Mosman, 2088"
ev_cbca7dfe8ec310ed6144c18916cd4137d118e7a853f82e24bbc78d4be98fd099,Open Charge Map API v3,272620,CCS (Type 2),75,2,2,Operational,Public - Membership Required,$0.60/kWh,2023-07-15T09:11:00Z,Open Charge Map Contributors,355.6,6,combined_evidence,rule_based_accept,Berowra Tennis Centre,"6 Boundary Street, Berowra, 2081"
ev_ceba3f114684eab4bdedb9c5acdf4bf71dfcac9ba4a0ab7fa98cef721de3a4e4,Open Charge Map API v3,272620,CCS (Type 2),75,2,2,Operational,Public - Membership Required,$0.60/kWh,2023-07-15T09:11:00Z,Open Charge Map Contributors,0.1,18,operator_postcode_address,rule_based_accept,Berowra Tennis Centre,"6 Boundary Street, Berowra, 2081"
ev_cf46f0650c3b85f1f68bb84d1c01c3e4f7484773a58bce4a9b0ad5f34f523ae9,Open Charge Map API v3,171647,CCS (Type 2) | CHAdeMO,100 | 350,4,2,Temporarily Unavailable,Public,$0.40/kWh ($0.32/kWh for NRMA),2023-07-15T07:37:00Z,Open Charge Map Contributors,36.6,18,operator_postcode_address,rule_based_accept,Woolworths Shell Cove,"Harbour Boulevarde, Shellharbour, 2529"
ev_d0bdc7857cb7d9eb465b9c75066a9ca66743c7fff663acad913f516209bf7541,Open Charge Map API v3,190706,CCS (Type 2) | CHAdeMO,50,2,1,Operational,Public - Membership Required,50c per kWh energy consumed.,2023-07-12T22:38:00Z,Open Charge Map Contributors,318.0,13,operator_postcode_address,rule_based_accept,Dan Murphy's,"51 Orient Street, Batemans Bay, 2536"
ev_d11cbbe29355c3181a2544ece1abef615b35e39b20dd49267fc56bc5f01eac0b,Open Charge Map API v3,308738,CCS (Type 2),250,6,6,Operational,Public - Membership Required,$0.69/kWh,2025-03-04T03:29:00Z,Open Charge Map Contributors,137.9,8,combined_evidence,rule_based_accept,Tesla Supercharger Bankstown,"Chapel Road, Bankstown"
ev_d3448439265646ffef014a0dbe5af4556bde54af215b209462ed469e8bda8488,Open Charge Map API v3,190915,CCS (Type 2) | CHAdeMO,50,2,1,Operational,Public,FREE,2022-01-04T11:52:00Z,Open Charge Map Contributors,41.6,9,close_coordinates_plus_identity,rule_based_accept,NRMA Jerilderie,"Powell Street, Jerilderie, 2716"
ev_d62ac77480811c2d5bcf1e5eda7784e8c996c368b3123a9e67ee2a6cce251b62,Open Charge Map API v3,109340,CCS (Type 2),120,4,4,Operational,Public - Membership Required,AUD 0.42/kWh;other tariffs for older cars,2023-08-30T06:15:00Z,Open Charge Map Contributors,0.0,15,operator_address_power,rule_based_accept,Narooma Supercharger,"185 Princes Highway, Narooma"
ev_d695eada22f9155d4629845812277f1331de78058b72169af251a73bea8a6463,Open Charge Map API v3,274144,CCS (Type 2) | CHAdeMO,180,4,4,Operational,Public,60c / 54c for NRMA Members,2024-06-14T12:05:00Z,Open Charge Map Contributors,75.5,15,operator_postcode_address,rule_based_accept,NRMA Short Street Car Park,"47 Short Street, Mudgee, 2850"
ev_d73150450af90283e684fa17988ba49b13185f36ad6f16ab97c304ccaa3d2ddc,Open Charge Map API v3,460280,CCS (Type 2),250,12,12,Operational,Public - Membership Required,,2025-08-25T07:52:00Z,Open Charge Map Contributors,187830.2,13,operator_postcode_address,rule_based_accept,New Italy Tesla SuperCharger,"8725 Pacific Motorway, Richmond Valley New Italy, 2472"
ev_d7e8eaa0c1f310cfeb4f9514093847c1fb2c28cafc7cf5eeeede05a76e55be5a,Open Charge Map API v3,306015,CCS (Type 2),24,1,1,Operational,Public - Membership Required,$0.40/kWh,2024-12-08T01:54:00Z,Open Charge Map Contributors,55.3,14,close_coordinates_plus_identity,rule_based_accept,Griffith City Volkswagen,"Kurrajong Avenue, Yoogali, 2680"
ev_dc287a17896b1d0aadc7c90a31b21d08ae472a1b78dffd250418b67f0744ff0e,Open Charge Map API v3,266872,CCS (Type 2),120,2,2,Operational,Public - Membership Required,$0.45/kWh,2023-07-13T08:44:00Z,Open Charge Map Contributors,67.9,14,close_address_power,rule_based_accept,Chatswood Chase Chargefox,"345 Victoria Avenue, Chatswood, 2067"
ev_ddf9c22314d87d563287792bbd5b6182cfcb74d249ae05b9f4292884f61ed648,Open Charge Map API v3,191163,CCS (Type 2) | CHAdeMO | Type 2 (Socket Only),22 | 50,4,2,Operational,Public - Membership Required,DC $0.40/kWh AC $0.35/kWh,2023-07-15T13:55:00Z,Open Charge Map Contributors,51.3,15,operator_address_power,rule_based_accept,"Evie Caddens Corner, Kingswood. ","82a O’Connell Street, Kinswoid"
ev_df5675458ba4b3c5fc9aede1a721040097e22b3439e39438bce1c292475ed583,Open Charge Map API v3,272619,CCS (Type 2) | CHAdeMO,25,8,8,Operational,Public - Membership Required,Free - $0.42/kWh,2023-07-15T09:08:00Z,Open Charge Map Contributors,2520.4,9,operator_address_power,rule_based_accept,The Heffron Centre,"439 Bunnerong Road, Chifley, 2036"
ev_df77ea6c30dfd09000e191b051d3acc15053a26680427f4f6368efe0746edcd0,Open Charge Map API v3,79851,CCS (Type 2),120,8,8,Operational,Public - Membership Required,$0.52/kWh,2021-12-19T02:14:00Z,Open Charge Map Contributors,8.3,13,operator_address_power,rule_based_accept,Goulburn Supercharger [Tesla],"201 Sloan St, Goulburn"
ev_e02e1bfb00ba7de60f0c980c428022af3e470defaf4c48337b3c9a4e0e83f4da,Open Charge Map API v3,272693,CCS (Type 2) | CHAdeMO,50 | 350,4,2,Operational,Public - Membership Required,,2023-07-16T23:05:00Z,Open Charge Map Contributors,13.4,18,operator_postcode_address,rule_based_accept,Jamisontown,"221 Wolseley Street, Jamisontown, 2750"
ev_e294e63ebb99cabc2d666f182ea6cf27e17c11fd3fca4e746a461fdd2fe12917,Open Charge Map API v3,113602,CCS (Type 2),120,4,4,Operational,Public,AUD 0.42/kWh;other tariffs for older cars,2019-03-22T18:24:00Z,Open Charge Map Contributors,20.7,16,operator_postcode_address,rule_based_accept,Tamworth Supercharger,"West Tamworth League Club, 21 Park Street, Tamworth, 2340"
ev_e35450a97b34519e66c79e2f48f6b43bf266753def1f170a0192674fb778e090,Open Charge Map API v3,266872,CCS (Type 2),120,2,2,Operational,Public - Membership Required,$0.45/kWh,2023-07-13T08:44:00Z,Open Charge Map Contributors,231.0,16,operator_postcode_address,rule_based_accept,Chatswood Chase Chargefox,"345 Victoria Avenue, Chatswood, 2067"
ev_e3e1be231da26a7a0f4786d858e8cc211be6e7c9f8d8da4c86977bc6c987eaf6,Open Charge Map API v3,266538,CCS (Type 2),250,6,6,Operational,Public - Membership Required,Supercharger rates,2023-06-08T12:45:00Z,Open Charge Map Contributors,12.2,17,operator_postcode_address,rule_based_accept,Blaxland Supercharger,"126 Hope St, Blaxland, 2774"
ev_e415f5655b2bdc908611aa05150bb926f3aab52ecf12343a64b9fa1f47d7b090,Open Charge Map API v3,272496,CCS (Type 2) | CHAdeMO,50,4,2,Operational,Public - Membership Required,50c per kWh energy consumed.,2023-07-12T21:47:00Z,Open Charge Map Contributors,47.2,14,close_coordinates_plus_identity,rule_based_accept,Evie Dapto Mall,"Moombara Street, Dapto, 2530"
ev_e4becf1383fb5cba15aa406da3027d7013834d828a8548512efe501cdc6f9992,Open Charge Map API v3,312659,CCS (Type 2) | Type 2 (Socket Only),22 | 300,5,1,Operational,Public,63c,2025-05-20T02:24:00Z,Open Charge Map Contributors,256.3,8,combined_evidence,rule_based_accept,Evie 300kW Charger,"Cooper Lane, Tamworth, 2340"
ev_e52c67cc0a493e85aa9f50c4bc6819bc77b8c36f76d3d7667fa6865985428ca2,Open Charge Map API v3,161844,CCS (Type 2) | CHAdeMO,50,6,5,Operational,Public,Currently free but will be fee at some point for non NRMA Members.,2025-10-12T01:54:00Z,Open Charge Map Contributors,658.7,6,combined_evidence,rule_based_accept,Mittagong NRMA,"9 Bessemer Street, RSL club, Mittagong, 2575"
ev_e6a051facfd92f5b6d4f64f7b15b20f5dd182dd778209f38d5028bf38ef57659,Open Charge Map API v3,209950,CHAdeMO | CCS (Type 2),75,4,2,Operational,Public - Membership Required,FREE,2022-11-16T10:13:00Z,Open Charge Map Contributors,100.2,16,operator_postcode_address,rule_based_accept,Batemans Bay Regional Arts Aquatic & Leisure Centre [NRMA],"12 Vesper Street, Batemans Bay, 2536"
ev_e6aedb7d67b93b36263a8408ea64bfc3524f3e0fb089a3cbc6df2751e4a3389b,Open Charge Map API v3,121552,CCS (Type 2),120,6,6,Operational,Public - Membership Required,AUD 0.66/kWh;other tariffs for older cars,2023-06-06T12:12:00Z,Open Charge Map Contributors,15.5,15,operator_address_power,rule_based_accept,Bathurst Supercharger,"1 Kendall Ave, Bathurst"
ev_e71283aacf3920a67652a240f887792e9b36b85f102ffdae2858c72b9dde38e7,Open Charge Map API v3,238124,CCS (Type 2) | CHAdeMO,350,7,4,Operational,Public - Membership Required,65c per kWh energy consumed.,2023-07-12T22:58:00Z,Open Charge Map Contributors,7.3,15,operator_address_power,rule_based_accept,Sally’s Corner,"Hume Hwy, Sutton Forest Service Centre"
ev_e795ae9310df33c9b9f8840aea501aec56db120b534e345b0fc6a3d5ce041b7b,Open Charge Map API v3,272521,CCS (Type 2),75,1,2,Operational,Public - Membership Required,$0.55/kWh,2023-08-09T12:21:00Z,Open Charge Map Contributors,65.1,15,operator_postcode_address,rule_based_accept,BP Pulse Eastern Creek,"BP Truckstop, Wallgrove Road & Old Wallgrove Road, Eastern Creek, 2766"
ev_e8b5e82f875b629239ab3ec696bca73dd020e91650cf480754c014c8514a8d42,Open Charge Map API v3,266620,CCS (Type 2),250,6,6,Operational,Public - Membership Required,$0.66/kWh,2023-06-08T12:43:00Z,Open Charge Map Contributors,8.5,18,operator_postcode_address,rule_based_accept,Exeter Supercharger,"Sallys Corner Rd, Exeter, 2579"
ev_e8c64428bfd1585902ce8e3ba32faa35251811821609a03c934d1d9ab940b00e,Open Charge Map API v3,191280,CCS (Type 2),250,0,6,Operational,Public - Membership Required,$0.52/kWh,2022-02-02T13:08:00Z,Open Charge Map Contributors,77.0,14,operator_postcode_address,rule_based_accept,Tesla Supercharger South Village,"Princes Highway, Kirrawee, 2232"
ev_eb3d38aa710f58a234699d33dc38c3ae580647d5cf81bba3f79a2cebd4c1e7d0,Open Charge Map API v3,296044,CCS (Type 2),250,12,1,Operational,Public - Membership Required,$0.69 / kWh,2024-03-06T09:49:00Z,Open Charge Map Contributors,49.2,16,operator_postcode_address,rule_based_accept,Tesla Supercharger Holbrook,"Swift Street, Holbrook, 2644"
ev_ec318e41c9e765e4fedc70e7a7f1455b5893c24fcbca4d45af9947d3019a6c37,Open Charge Map API v3,191954,CCS (Type 2) | CHAdeMO,50,2,1,Operational,Public - Membership Required,FREE,2022-03-10T22:21:00Z,Open Charge Map Contributors,1.9,16,operator_postcode_address,rule_based_accept,Orange Civic Theatre,"Orange Civic Theatre, Orange, 2800"
ev_edc2e07c5bb711a681b858e48a7c17c3fae8e694e475f0b9ab4d60b511daab87,Open Charge Map API v3,154488,CCS (Type 2) | CHAdeMO,50,4,2,Operational,Public,60c / 54c for members of NRMA,2024-06-14T12:05:00Z,Open Charge Map Contributors,425.7,9,combined_evidence,rule_based_accept,Lithgow Workmen's Club,"Tank St, Lithgow"
ev_ee83de18c7561554fc8405e119c22a3010fa045294b82f6854dfee78f43798df,Open Charge Map API v3,190681,CCS (Type 2) | CHAdeMO,50,2,1,Planned For Future Date,Public,"Free currently, join NRMA as a thank you.",2021-12-17T03:45:00Z,Open Charge Map Contributors,651740.5,12,operator_postcode_address,rule_based_accept,Bourke [NRMA],"15 Mitchell St, Bourke, 2840"
ev_eebc99b12e3eff7190371311f6d961a2ad19e947491969511c6a5cb1604d1843,Open Charge Map API v3,272632,CCS (Type 2) | CHAdeMO,50,4,2,Operational,Public - Membership Required,,2023-07-15T12:12:00Z,Open Charge Map Contributors,455.9,9,combined_evidence,rule_based_accept,Civic Plaza 88 Christie,"88 Christie St, St Leonards, 2065"
ev_eec7e781cb5a23a9345325483eb51a2bcb87044c417ea945c6f25d074642c115,Open Charge Map API v3,273220,CCS (Type 2) | CHAdeMO,63 | 75,2,1,Operational,Public - Membership Required,$0.50 per kWh,2025-09-05T00:49:00Z,Open Charge Map Contributors,31.2,18,operator_postcode_address,rule_based_accept,Lismore City Council,"44 Molesworth St, Lismore, 2480"
ev_ef49fef7a355d35eefaa7d976668bc73b451ae7aae18a7a60f6fdf192a64c617,Open Charge Map API v3,190393,CCS (Type 2) | CHAdeMO,50,2,1,Operational,Public,,2021-12-06T13:23:00Z,Open Charge Map Contributors,66.7,13,operator_address_power,rule_based_accept,Grafton Public Library,"Pound Street, Grafton"
ev_f15e3c83d0564da50fda29a44f850b9a51e4c15dd91df10a2e327dde7307a293,Open Charge Map API v3,191467,Type 2 (Socket Only),4.8,4,4,Operational,Public - Membership Required,FREE,2023-07-13T10:45:00Z,Open Charge Map Contributors,77.3,11,close_coordinates_plus_identity,rule_based_accept,Woolworths Bomaderry,"160 Cambewarra Road, Bomaderry, 2541"
ev_f1f06931c602bc959e300b57c55ddc6bf3943bc9155cb6f6bb461bb07b128fad,Open Charge Map API v3,190682,CCS (Type 2) | CHAdeMO,50,2,1,Planned For Future Date,Public,Currently free but will be fee at some point.,2021-12-17T04:02:00Z,Open Charge Map Contributors,284312.0,14,operator_postcode_address,rule_based_accept,Brewarrina [NRMA],"50 Bathurst Street, Brewarrina, 2839"
ev_f3b7bf2820ff81577bcc12f977b23a69db8c4e2b0ef73c3a8642a65febeccb8f,Open Charge Map API v3,148545,CCS (Type 2) | CHAdeMO,50,4,1,Operational,Public,Currently free but will be fee at some point.,2021-12-19T02:07:00Z,Open Charge Map Contributors,26.2,18,operator_postcode_address,rule_based_accept,Wallsend [NRMA],"76 Cowper Street, Wallsend, 2287"
ev_f482947f98fc9fc40e8a631319d2437db34b7c99303489d10e71dc5c041c45a9,Open Charge Map API v3,306013,CCS (Type 2),250,6,6,Operational,Public - Membership Required,up to $0.92/kWh,2024-12-08T01:54:00Z,Open Charge Map Contributors,46.9,17,operator_postcode_address,rule_based_accept,Griffith Leagues Club Southside,"2 Bridge Road, Griffith, 2680"
ev_f4e2ef148e7f6c438999155a3bd15c95813c520cb4abe6d1b90a42e3b0514070,Open Charge Map API v3,273425,CCS (Type 2),75,2,2,Operational,Public - Membership Required,55c/kWh,2023-08-09T11:24:00Z,Open Charge Map Contributors,37.9,16,operator_postcode_address,rule_based_accept,Fairy Meadow [bp pulse],"224 Princes Hwy, Fairy Meadow, 2519"
ev_f4e59a0ead51a401165276074011a3de95abde4404780faae3dcccf868e01b07,Open Charge Map API v3,273427,CCS (Type 2),75,2,2,Operational,Public - Membership Required,55c/kWh,2023-08-09T11:35:00Z,Open Charge Map Contributors,25.9,16,operator_postcode_address,rule_based_accept,bp pulse Sydenham,"339 Princes Hwy, St Peters, 2044"
ev_f66b004646dfb235cc596c8c421fb1a5ccb4afd04aded96e19aa7d6b8f19f403,Open Charge Map API v3,192687,CCS (Type 2) | CHAdeMO,25,2,2,Operational,Public - Pay At Location,0.40,2023-06-06T12:14:00Z,Open Charge Map Contributors,236.6,16,operator_postcode_address,rule_based_accept,Stanley St Peakhurst NSW,"17-25 Stanley St,  Peakhurst , 2210"
ev_f6a1e98bc1cc8df6bcc3de94e85cbfa099d9bd86a30cc9cd4171be7b9f5bf809,Open Charge Map API v3,190224,CCS (Type 2) | CHAdeMO,350,4,2,Operational,Public - Membership Required,$0.60,2023-07-16T22:10:00Z,Open Charge Map Contributors,63.4,13,close_coordinates_plus_identity,rule_based_accept,Tyndale Shell Roadhouse,"2848 Big River Way, Tyndale, 2460"
ev_f89a88e900e75accedfbc7185d627fdf2a58098c078523e63aff886277b541b4,Open Charge Map API v3,191953,CCS (Type 2) | CHAdeMO,50,2,1,Operational,Public - Membership Required,60c / 54c for NRMA Members,2024-06-14T12:05:00Z,Open Charge Map Contributors,196.6,13,operator_address_power,rule_based_accept,Bathurst Visitor Information Centre,"1 Kendall Avenue, Bathurst"
ev_f8d92dcfda9ce8e22ab18f90fc33cff3019d784d034813f807d58e99af30f680,Open Charge Map API v3,272688,CCS (Type 2) | CHAdeMO,50,4,2,Operational,Public - Membership Required,,2023-07-16T22:04:00Z,Open Charge Map Contributors,125.5,16,operator_postcode_address,rule_based_accept,Casula Mall,"1 Ingham Dr, Casula, 2170"
ev_fad45506352edddca534734eaf39d8b3b5c39fdf3969b832490978804ec259cd,Open Charge Map API v3,172920,CCS (Type 2),50,4,2,Operational,Public,$0.64/kWh,2026-07-14T23:42:00Z,Open Charge Map Contributors,27.9,18,operator_postcode_address,rule_based_accept,Sovereign Place [NRMA],"John Oxley Drive, Thrumster, 2444"
ev_fb43c1ea2458e79d4d70a95501e14ce09dfda172adaeee7a0043a47f92decc30,Open Charge Map API v3,273433,CCS (Type 2) | CHAdeMO,75,2,1,Operational,Public - Membership Required,$0.55/kWh,2023-08-09T12:33:00Z,Open Charge Map Contributors,15.6,16,operator_postcode_address,rule_based_accept,Coffs Harbour [bp pulse],"136 Pacific Highway, Coffs Harbour, 2450"
ev_fc8862c4fe5f893f7ae348d91f59cb8b3d692e7787278daa84a2a49204e53b5c,Open Charge Map API v3,279180,CCS (Type 2) | CHAdeMO,50 | 150,9,6,Operational,Public - Membership Required,AUD 0.69/kWh,2023-10-29T11:00:00Z,Open Charge Map Contributors,236.2,16,operator_postcode_address,rule_based_accept,Ampol Foodary Pheasants Nest Southbound,"Lot 12 Hume Hwy, Pheasants Nest , 2574"
ev_fdd79f21a3b5b52d131cd997345814faa71f49945d25acbf27a4df5fbd42f1e2,Open Charge Map API v3,190668,CCS (Type 2),50,2,2,Operational,Public - Membership Required,$0.74/kWh,2026-07-15T02:08:00Z,Open Charge Map Contributors,540703.6,12,operator_postcode_address,rule_based_accept,Temora Council Chambers,"Little Hoskins Street, Temora, 2666"
ev_fec3786fd162daf6c650bb038f72995c75a793ceed095b04a6f6435541821e68,Open Charge Map API v3,126130,CHAdeMO | CCS (Type 2),50,,1,Operational,Public - Membership Required,$0.66/kWh,2024-11-12T12:09:00Z,Open Charge Map Contributors,203.7,14,operator_postcode_address,rule_based_accept,Narrandera Marie Bashir Park [NRMA],"31 Twynam Street, Narrandera, 2700"
ev_ff09d194a0aafacc2bd5385a6909993405094e8df4166e1b39e14b3b6f3f213a,Open Charge Map API v3,190680,CCS (Type 2) | CHAdeMO,50,2,1,Operational,Public,Currently free but will be fee at some point for non NRMA Members,2022-12-23T23:20:00Z,Open Charge Map Contributors,3.5,9,close_coordinates_plus_identity,rule_based_accept,Nyngan [NRMA],"18 Cobar Street, Nyngan, 2825"
ev_ff114def7a6bb53d713ba534bf472dae63501b909e4989a62f91805dd577fcea,Open Charge Map API v3,300154,CCS (Type 2),250,12,12,Operational,Public - Membership Required,$0.69/kWh,2024-06-25T11:24:00Z,Open Charge Map Contributors,49.2,13,close_coordinates_plus_identity,rule_based_accept,Tesla Supercharger Albury,"Stanley Street, Albury, 2640"
ev_ff60e67d080d77fe9ededf67c85c7e1f4fad83b746b540018d332a0793562de1,Open Charge Map API v3,190417,CCS (Type 2) | CHAdeMO,25,2,1,Operational,Public,"Free up to 7kWh, charges thereafter",2022-01-25T14:22:00Z,Open Charge Map Contributors,1.7,11,close_address_power,rule_based_accept,Richmond Tavistock No. 3 [Jolt],"19 Richmond Road, Strathfield, Sydney, 2135"
ev_ff8cec41c46b7ef8da0e37e9e7a97b0777e046ef21e551854f28480f8317d6ce,Open Charge Map API v3,461335,CCS (Type 2),300,12,12,Operational,Public - Membership Required,,2025-09-24T02:47:00Z,Open Charge Map Contributors,54.4,17,operator_postcode_address,rule_based_accept,Tesla Supercharger Coolac ,"477 Coolac Road , Coolac , 2727"
ev_ffcb26bd4701f323c2817c64f57fca6f432b8663141c6e337b62779b53168593,Open Charge Map API v3,171646,CCS (Type 2),250,6,6,Operational,Public - Membership Required,$0.69/kWh,2023-08-30T06:17:00Z,Open Charge Map Contributors,151.1,11,combined_evidence,rule_based_accept,Wollongong Supercharger,"Figtree Grove Shopping Centre, The Avenue, Figtree, 2525"
