record_id,external_station_id,distance_m,input_operator,external_operator,input_address,input_power_kw,input_plug_count,external_title,external_address_line_1,external_address_line_2,external_town,external_postcode,connector_types,external_power_kw_values,external_connection_quantity,external_number_of_points,external_status,external_usage_type,external_usage_cost,external_last_verified,review_decision,review_notes
ev_e795ae9310df33c9b9f8840aea501aec56db120b534e345b0fc6a3d5ce041b7b,272521,65.1,BP,BP Pulse (AU),"01 Wallgrove Road, Sydney, 2766",150.0,4,BP Pulse Eastern Creek,BP Truckstop,Wallgrove Road & Old Wallgrove Road,Eastern Creek,2766,CCS (Type 2),75,1,2,Operational,Public - Membership Required,$0.55/kWh,2023-08-09T12:21:00Z,accept,Same operator and postcode; Wallgrove Road location; 65.1 m away.
ev_92a54038955adbf16c92062ab57a4b497be32cb889fcc2b6cb5d53a12c433e0c,170824,29.2,NRMA,NRMA,"1 - 7 Ross St, Wilcannia NSW 2836, Australia",50.0,4,Armidale Visitors Centre,82 Marsh Street,,Armidale,2350,CCS (Type 2) | CHAdeMO,50,2,1,Operational,Public,Currently free but will be fee at some point.,2020-12-11T13:42:00Z,reject,Input is Wilcannia 2836 but candidate is Armidale 2350.
ev_92a54038955adbf16c92062ab57a4b497be32cb889fcc2b6cb5d53a12c433e0c,460615,571.4,NRMA,Tesla (including non-tesla),"1 - 7 Ross St, Wilcannia NSW 2836, Australia",50.0,4,Tesla Supercharger Armidale,117 Jessie Street,,Armidale,,CCS (Type 2),250,4,4,Operational,Public - Membership Required,,2025-09-01T05:09:00Z,reject,Wrong operator and town; candidate is a Tesla site in Armidale.
ev_92a54038955adbf16c92062ab57a4b497be32cb889fcc2b6cb5d53a12c433e0c,274592,615.9,NRMA,(Business Owner at Location),"1 - 7 Ross St, Wilcannia NSW 2836, Australia",50.0,4,Cedar Lodge Motel,119 Barney Street,,Armidale,2350,Type 2 (Socket Only),7,2,2,Operational,"Private - For Staff, Visitors or Customers",$15 for guest who do not book direct.  Free for guest who book direct.,2023-10-09T02:47:00Z,reject,"Wrong operator, charger type and town; candidate is an Armidale motel."
ev_357c3ca140819629070a2e9b19d8727c0411780adcc388593c413bb502f677e4,311308,19.4,Tesla,Tesla (including non-tesla),"1 Bay St, Sydney, 2037",130.0,16,Tesla Destination Charger,1 Bay Street,,Broadway,2007,CCS (Type 2),22,3,3,Operational,Public,0,2025-03-29T03:34:00Z,reject,Destination charger is 22 kW; another Tesla candidate better matches the 130 kW source record.
ev_357c3ca140819629070a2e9b19d8727c0411780adcc388593c413bb502f677e4,100404,57.3,Tesla,Tesla (Tesla-only charging),"1 Bay St, Sydney, 2037",130.0,16,Broadway Supercharger,1 Bay Street,,Broadway,2007,CCS (Type 2),120,8,8,Operational,Public - Membership Required,AUD 0.42/kWh;other tariffs for older cars,2025-03-21T01:01:00Z,accept,Same Bay Street location and Tesla operator; Supercharger power best matches the source record.
ev_53fd601d36c25a323642c8ff07423030ff11df8a8e0dbf506b0cbaeff0a42cec,272613,157.0,Evie,Chargefox,"1 Frederick St, Sydney, 2064",150.0,6,TLE Electrical Artarmon,65 Reserve Road,,St Leonards,2065,CCS (Type 2) | CHAdeMO,22,2,1,Operational,Public - Membership Required,$0.30/kWh,2023-07-15T07:52:00Z,reject,"Operator, address and power do not match the source record."
ev_53fd601d36c25a323642c8ff07423030ff11df8a8e0dbf506b0cbaeff0a42cec,272632,957.6,Evie,Evie,"1 Frederick St, Sydney, 2064",150.0,6,Civic Plaza 88 Christie,88 Christie St,,St Leonards,2065,CCS (Type 2) | CHAdeMO,50,4,2,Operational,Public - Membership Required,,2023-07-15T12:12:00Z,reject,Address and operator do not match the source record.
ev_f8d92dcfda9ce8e22ab18f90fc33cff3019d784d034813f807d58e99af30f680,272688,125.5,Evie,Evie,"1 Ingham Dr, Casula NSW 2170",50.0,4,Casula Mall,1 Ingham Dr,,Casula,2170,CCS (Type 2) | CHAdeMO,50,4,2,Operational,Public - Membership Required,,2023-07-16T22:04:00Z,accept,"Same operator, street address, postcode and 50 kW power."
ev_493afb89ec4116e7dfe20763aa68c152e55b9e5cf1370f36d15e0307fd5aa3a8,192929,5.7,JOLT,Jolt,"1 Park St, Sydney, 2103",25.0,2,Mona Vale library carpark [JOLT],1 Park St,,Mona Vale,2103,CHAdeMO | CCS (Type 2),25,2,1,Operational,Public - Membership Required,"First 7kWh free, then $0.46 per kWh thereafter. $5/hr idle time",2023-02-11T08:43:00Z,accept,Same JOLT operator and exact 1 Park Street address; 5.7 m away.
ev_493afb89ec4116e7dfe20763aa68c152e55b9e5cf1370f36d15e0307fd5aa3a8,190757,63.9,JOLT,Jolt,"1 Park St, Sydney, 2103",25.0,2,Mona Vale [JOLT],2 Bungan St,,Mona Vale,2103,CCS (Type 2) | CHAdeMO,25,2,1,Operational,Public - Membership Required,$0.00/kWh up to 7 kWh then $0.46/kWh,2023-02-11T08:43:00Z,reject,Another JOLT candidate has the exact source address and is closer.
ev_d0bdc7857cb7d9eb465b9c75066a9ca66743c7fff663acad913f516209bf7541,157566,138.4,Evie,NRMA,"1 Perry St, Batemans Bay, 2536",75.0,4,Batemans Bay Visitor Centre [NRMA],2A Beach Road,,Batemans Bay,2536,CCS (Type 2) | CHAdeMO,50,2,1,Operational,Public,,2021-12-19T02:29:00Z,reject,Operator and address do not match the Evie source record.
ev_d0bdc7857cb7d9eb465b9c75066a9ca66743c7fff663acad913f516209bf7541,190706,318.0,Evie,Evie,"1 Perry St, Batemans Bay, 2536",75.0,4,Dan Murphy's,51 Orient Street,,Batemans Bay,2536,CCS (Type 2) | CHAdeMO,50,2,1,Operational,Public - Membership Required,50c per kWh energy consumed.,2023-07-12T22:38:00Z,manual_review,"Same town and operator, but address and power differ; verify on a map before acceptance."
ev_d0bdc7857cb7d9eb465b9c75066a9ca66743c7fff663acad913f516209bf7541,209950,337.0,Evie,NRMA,"1 Perry St, Batemans Bay, 2536",75.0,4,Batemans Bay Regional Arts Aquatic & Leisure Centre [NRMA],12 Vesper Street,,Batemans Bay,2536,CHAdeMO | CCS (Type 2),75,4,2,Operational,Public - Membership Required,FREE,2022-11-16T10:13:00Z,reject,Operator and address do not match the Evie source record.
ev_ba957a1d60a66d402962a841bae99cd1a5602881984b05d2b1d9e33de987d216,272632,275.0,Exploren,Evie,"1 Plunkett St, Sydney, 2065",50.0,2,Civic Plaza 88 Christie,88 Christie St,,St Leonards,2065,CCS (Type 2) | CHAdeMO,50,4,2,Operational,Public - Membership Required,,2023-07-15T12:12:00Z,reject,Address and operator do not match the source record.
ev_ba957a1d60a66d402962a841bae99cd1a5602881984b05d2b1d9e33de987d216,272613,739.9,Exploren,Chargefox,"1 Plunkett St, Sydney, 2065",50.0,2,TLE Electrical Artarmon,65 Reserve Road,,St Leonards,2065,CCS (Type 2) | CHAdeMO,22,2,1,Operational,Public - Membership Required,$0.30/kWh,2023-07-15T07:52:00Z,reject,"Operator, address and power do not match the source record."
ev_64c547ce2aa81fd216aa2a71d122754dbec89a7e3a2c7eb3ae44c5d1861c1972,121552,627.9,Evie,Tesla (including non-tesla),"10 Elizabeth St, Bathurst, 2795",150.0,4,Bathurst Supercharger,1 Kendall Ave,,Bathurst,,CCS (Type 2),120,6,6,Operational,Public - Membership Required,AUD 0.66/kWh;other tariffs for older cars,2023-06-06T12:12:00Z,reject,Wrong operator and address for the Evie Bathurst source record.
ev_64c547ce2aa81fd216aa2a71d122754dbec89a7e3a2c7eb3ae44c5d1861c1972,191953,729.2,Evie,NRMA,"10 Elizabeth St, Bathurst, 2795",150.0,4,Bathurst Visitor Information Centre,1 Kendall Avenue,,Bathurst,,CCS (Type 2) | CHAdeMO,50,2,1,Operational,Public - Membership Required,60c / 54c for NRMA Members,2024-06-14T12:05:00Z,reject,Wrong operator and address for the Evie Bathurst source record.
ev_7111c5da459e1385e97e441e923bc3b99b903019c59ce2f263cea61c1b7abc70,79311,0.1,Tesla,Tesla (Tesla-only charging),"10 Winery Dr, Port Macquarie, 2444",130.0,12,Port Macquarie Supercharger [Tesla],764 Pacific Highway,,Port Macquarie,2444,CCS (Type 2),120,6,6,Operational,Public - Membership Required,AUD 0.52/kWh,2021-12-19T01:54:00Z,accept,"Same Tesla operator, postcode and coordinates; power is consistent with a Supercharger."
ev_aa65ed899c7474e3ba60a1b5922be9c4115a56436f6af3187920db4a736edfb0,172921,29.9,Chargefox,Chargefox,"1067 Oxley Hwy, Thrumster, 2444",180.0,4,Port Macquarie Service Centre [Chargefox],1063 Oxley Highway,,Thrumster,2444,CCS (Type 2) | CHAdeMO,100 | 350,4,2,Operational,Public,"$0.60/kWh, 20% discount for NRMA members",2026-09-01T11:39:00Z,accept,"Same Chargefox operator, Oxley Highway address and postcode; 29.9 m away."
ev_aa65ed899c7474e3ba60a1b5922be9c4115a56436f6af3187920db4a736edfb0,480398,798.0,Chargefox,Tesla (including non-tesla),"1067 Oxley Hwy, Thrumster, 2444",180.0,4,John Oxley Drive,John Oxley Drive,Thrumster,,2444,CCS (Type 2),250,1,12,Operational,Public - Membership Required,,2026-03-19T05:06:00Z,reject,Wrong operator and weaker address match than the accepted Chargefox candidate.
ev_aa65ed899c7474e3ba60a1b5922be9c4115a56436f6af3187920db4a736edfb0,172920,817.9,Chargefox,NRMA,"1067 Oxley Hwy, Thrumster, 2444",180.0,4,Sovereign Place [NRMA],John Oxley Drive,,Thrumster,2444,CCS (Type 2),50,4,2,Operational,Public,$0.64/kWh,2026-07-14T23:42:00Z,reject,Wrong operator and weaker address match than the accepted Chargefox candidate.
ev_776ac39be06998cf2e32e1dc28783d7254274999809038f9a91c0f02f14e1be4,190682,56.7,NRMA,NRMA,"10W Apsley St, Walcha NSW 2354, Australia",50.0,4,Brewarrina [NRMA],50 Bathurst Street,,Brewarrina,2839,CCS (Type 2) | CHAdeMO,50,2,1,Planned For Future Date,Public,Currently free but will be fee at some point.,2021-12-17T04:02:00Z,reject,Input is Walcha 2354 but candidate is Brewarrina 2839.
ev_1ad57cc2b69b4ea4b2aa94776275625c9d7e10137c7a8ea156a620b2cbbd61e7,190394,48.0,NRMA,NRMA,"11 Ewingsdale Rd, Ewingsdale, 2481",75.0,4,The Farm Byron Bay [NRMA],Ewingsdale Road,,Ewingsdale,,CCS (Type 2) | CHAdeMO,50,2,1,Operational,Public,,2025-10-06T09:29:00Z,accept,Same NRMA operator and Ewingsdale address; 48.0 m away.
ev_3ec5e1f5bafda5afc1a9af3cd122195ca0a2d2c55f15307de0d3609b5051a205,190875,18.0,JOLT,Jolt,"110 Anzac Pde, Sydney, 2033",25.0,2,Kensington [Jolt],110 Anzac Pde,,Kensington,2033,CCS (Type 2) | CHAdeMO,25,2,1,Operational,Public - Membership Required,$0.00/kWh up to 7 kWh then $0.40/kWh,2023-07-13T10:53:00Z,accept,"Same JOLT operator, exact address, postcode and 25 kW power."
ev_3ec5e1f5bafda5afc1a9af3cd122195ca0a2d2c55f15307de0d3609b5051a205,150024,983.3,JOLT,(Unknown Operator),"110 Anzac Pde, Sydney, 2033",25.0,2,Supa Centa Moore Park,,,Kensington,2033,Tesla (Model S/X),17,1,1,Operational,Public,Free,2020-06-10T21:39:00Z,reject,"Wrong operator, connector and power; nearly 1 km away."
ev_3ec5e1f5bafda5afc1a9af3cd122195ca0a2d2c55f15307de0d3609b5051a205,191062,994.7,JOLT,Chargefox,"110 Anzac Pde, Sydney, 2033",25.0,2,Audi Centre Sydney ,895 South Dowling Street,,Zetland,2017,CCS (Type 2),165,1,1,Operational,Public - Membership Required,$0.70/kWh,2023-07-13T10:51:00Z,reject,"Wrong operator, address, postcode and power; nearly 1 km away."
ev_0abc3a56aeb9cc08cbbed5808ceea66dbb7457f6fcee39fa28eb4e950449dd16,295979,23.5,JOLT,Jolt,"1106 Barrenjoey Rd, Sydney, 2108",25.0,2,Barrenjoey Road,Barrenjoey Road,Palm Beach,,2108,CHAdeMO | CCS (Type 2),25,2,1,Operational,Public - Membership Required,"First 7kWh free, then $0.49 per kWh thereafter. $5/hr idle time",2024-03-03T23:09:00Z,accept,"Same JOLT operator, Barrenjoey Road location and 25 kW power; 23.5 m away."
ev_a485e1747955a06afa5f39bdd277b82679fe8c47c03947415c44ff500c62c805,278525,215.6,JOLT,Ampol AmpCharge,"11-37 Alexandria Pde, Sydney, 2077",25.0,2,Ampol Waitara,"Corner Pacific Highway, Unwin Road",,Waitara,2077,CCS (Type 2),,1,1,Planned For Future Date,Public - Membership Required,,2023-10-09T02:47:00Z,reject,Wrong operator and planned status; candidate does not represent the JOLT source record.
ev_6fddf67cd79ce70f1669da6b18638c91bb7b066b4cdf86974ec620f0e920ebea,190677,47.3,NRMA,NRMA,"116 Liverpool St, Scone, NSW 2337, Australia",50.0,2,Broken Hill [NRMA],51 Bromide St,,Broken Hill,2880,CCS (Type 2) | CHAdeMO,50,2,1,Operational,Public,,2021-12-17T03:14:00Z,reject,Input is Scone 2337 but candidate is Broken Hill 2880.
ev_65e6adc18a42c876697f1b36d8fbc897eb1b9670b3092a1979310a7b67ec7513,272624,79.8,Chargefox,Chargefox,"1183-1187 The Horsley Dr, Sydney, 2164",150.0,2,ENGIE - Greenway Wetherill Park,1183-1187 The Horsley Drive,,Wetherill Park,2164,CCS (Type 2),120,2,2,Operational,Public - Membership Required,$0.55/kWh,2023-07-15T09:24:00Z,accept,"Same operator, exact Horsley Drive address, postcode and two connections."
